0.000014305,0.000000000,0.000000000,0.000000000,0.000000000,0.000000000,0.000000000
0.010014772,0.000000000,0.000000000,0.000000000,0.000000000,0.000000000,0.000000000
0.020020962,0.000000000,0.000000000,0.000000000,0.000000000,0.000000000,0.000000000
0.030022621,0.000000000,0.000000000,0.000000000,0.000000000,0.000000000,0.000000000
0.040023804,0.000000000,0.000000000,0.000000000,0.000000000,0.000000000,0.000000000
0.050025225,0.000000000,0.000000000,0.000000000,0.000000000,0.000000000,0.000000000
0.060026884,0.000000000,0.000000000,0.000000000,0.000000000,0.000000000,0.000000000
0.070027590,0.000000000,0.000000000,0.000000000,0.000000000,0.000000000,0.000000000
0.080028057,-0.039420940,0.000104553,0.065799952,-4.973481068,-0.018633359,8.445090256
0.090029240,-0.039391846,0.000100878,0.065588085,-4.973418289,-0.022711826,8.445142639
0.100030422,-0.039279376,0.000083337,0.065915507,-4.972950702,-0.030221114,8.445387185
0.110031843,-0.039198710,0.000039280,0.066731898,-4.989464363,-0.005813684,8.443331408
0.120032787,-0.039176910,0.000060177,0.068120251,-4.972575896,-0.009446115,8.445305546
0.130033731,-0.039171442,0.000058755,0.068265460,-4.972483800,-0.009112106,8.445378335
0.140034914,-0.039148095,0.000055683,0.069205840,-4.972361779,0.000118225,8.445379547
0.150035143,-0.039148095,0.000055683,0.069205840,-4.972361779,0.000118225,8.445379547
0.160035610,-0.039149343,0.000056565,0.069369722,-4.972402308,0.004555622,8.445339774
0.170037508,-0.039169166,0.000059367,0.069324735,-4.972525558,0.011255489,8.445235777
0.180038929,-0.039224456,0.000063406,0.068849368,-4.972789896,0.016307637,8.445062066
0.190040350,-0.039259417,0.000064592,0.068538072,-4.972963507,0.016713097,8.444970852
0.200042248,-0.039301725,0.000064386,0.068170764,-4.973182408,0.015174247,8.444869535
0.210042238,-0.039334939,0.000062033,0.067879188,-4.973359703,0.012143894,8.444799570
0.220043898,-0.039343149,0.000060775,0.067802242,-4.973423015,0.010563450,8.444777513
0.230045557,-0.039349732,0.000059293,0.067735923,-4.973469244,0.009147166,8.444763288
0.240045786,-0.039357732,0.000049815,0.067566096,-4.973596382,0.002373650,8.444742316
0.250046015,-0.039357732,0.000049815,0.067566096,-4.973596382,0.002373650,8.444742316
0.260047674,-0.035558616,0.002127477,-0.075160786,-4.930859915,-3.307516486,8.481184756
0.270049095,-0.035558616,0.002127477,-0.075160786,-4.930859915,-3.307516486,8.481184756
0.280051231,-0.035558616,0.002127477,-0.075160786,-4.930859915,-3.307516486,8.481184756
0.290051937,-0.035558616,0.002127477,-0.075160786,-4.930859915,-3.307516486,8.481184756
0.300053835,0.009340057,-0.000389025,-0.035961122,-4.742001499,-3.277981701,8.502564473
0.310053825,0.009340057,-0.000389025,-0.035961122,-4.742001499,-3.277981701,8.502564473
0.320055723,0.011433008,-0.000390752,-0.015423925,-4.754031507,-3.068060525,8.500718469
0.330057383,0.021236811,-0.000625690,0.102838717,-4.873285819,-1.268784953,8.482681670
0.340058804,0.022475602,-0.000804071,0.123357200,-4.900542937,-0.725235033,8.478244658
0.350059748,0.022475602,-0.000804071,0.123357200,-4.900542937,-0.725235033,8.478244658
0.360061407,0.016145377,-0.001184417,0.119377947,-4.890479285,1.704712986,8.471682231
0.370061874,0.016145377,-0.001184417,0.119377947,-4.890479285,1.704712986,8.471682231
0.380063534,0.016145377,-0.001184417,0.119377947,-4.890479285,1.704712986,8.471682231
0.390064716,0.004663387,-0.000242521,0.053204398,-4.844548363,2.019482812,8.476180251
0.400067806,-0.000655347,0.000240882,0.019983022,-4.843405401,1.877557144,8.477632684
0.410068989,-0.004010923,0.000533997,-0.002080857,-4.851137924,1.654088784,8.478739989
0.420069456,-0.008668324,0.000897557,-0.035356191,-4.872938424,1.146620692,8.480567792
0.430070639,-0.010356877,0.000998479,-0.049251563,-4.885844327,0.821894154,8.481707503
0.440074682,-0.011045545,0.001024921,-0.055823268,-4.892746198,0.622244669,8.482455522
0.450074673,-0.011476675,0.000912615,-0.068509471,-4.908579753,-0.134591345,8.485904800
0.460075378,-0.010891362,0.000817244,-0.068121200,-4.909258662,-0.349916106,8.487143376
0.470076323,-0.009483979,0.000644185,-0.063798479,-4.906934389,-0.619736653,8.488916071
0.480077982,-0.009483979,0.000644185,-0.063798479,-4.906934389,-0.619736653,8.488916071
0.490078211,-0.004334800,0.000199164,-0.038452639,-4.894426775,-0.967674906,8.492073537
0.500080347,-0.001367727,0.000006529,-0.020791425,-4.890470602,-0.960140141,8.492438344
0.510082006,-0.001367727,0.000006529,-0.020791425,-4.890470602,-0.960140141,8.492438344
0.520082474,-0.001367727,0.000006529,-0.020791425,-4.890470602,-0.960140141,8.492438344
0.530083418,-0.001367727,0.000006529,-0.020791425,-4.890470602,-0.960140141,8.492438344
0.540085554,0.005448035,-0.000368861,0.030049537,-4.898611043,-0.170210852,8.487801104
0.550086498,0.005448035,-0.000368861,0.030049537,-4.898611043,-0.170210852,8.487801104
0.560086489,0.005140022,-0.000349257,0.032736737,-4.899103288,0.185605122,8.486068890
0.570086718,0.004840230,-0.000328569,0.031785995,-4.898594010,0.263502682,8.485751935
0.580086946,0.003409119,-0.000224349,0.025317855,-4.896429722,0.417872325,8.485262826
0.590086937,0.001984772,-0.000116078,0.017629523,-4.894967147,0.474122656,8.485200946
0.600089073,0.000186732,0.000021310,0.006865632,-4.894596140,0.452897678,8.485477874
0.610090733,-0.000146907,0.000046395,0.004739758,-4.894686617,0.442319060,8.485542179
0.620091438,-0.001564190,0.000148709,-0.004913528,-4.896164766,0.328350945,8.486127122
0.630091906,-0.002239882,0.000191973,-0.010161815,-4.897494806,0.226680713,8.486608166
0.640093088,-0.002620338,0.000210189,-0.013797999,-4.898680615,0.118063259,8.487123417
0.650093317,-0.002620338,0.000210189,-0.013797999,-4.898680615,0.118063259,8.487123417
0.660094976,-0.002579327,0.000186372,-0.016001092,-4.899808595,-0.066610355,8.488039888
0.670095205,-0.002163002,0.000145431,-0.014707410,-4.899798618,-0.151083575,8.488483412
0.680095673,-0.001431497,0.000067538,-0.011226353,-4.899332607,-0.221167779,8.489741046
0.690097094,-0.001309096,0.000079106,-0.010453232,-4.899044219,-0.218005217,8.489016170
0.700097799,-0.001309096,0.000079106,-0.010453232,-4.899044219,-0.218005217,8.489016170
0.710098028,-0.001309096,0.000079106,-0.010453232,-4.899044219,-0.218005217,8.489016170
0.720099449,0.000630750,-0.000057416,0.001500239,-4.898691085,-0.167611101,8.488593498
0.730101109,0.000690460,-0.000061138,0.001931806,-4.898689559,-0.161396006,8.488559239
0.740101099,0.001257141,-0.000093675,0.006663827,-4.898691261,-0.053281633,8.487978592
0.750102520,0.001304285,-0.000094730,0.007417696,-4.898658078,-0.019949859,8.487811446
0.760102749,0.001283986,-0.000090579,0.007765974,-4.898568800,0.017250772,8.487636932
0.770104170,0.001245412,-0.000079925,0.007863879,-4.898123150,0.025544683,8.487827597
0.780105114,0.001245412,-0.000079925,0.007863879,-4.898123150,0.025544683,8.487827597
0.790106058,0.000635361,-0.000038601,0.005096340,-4.898247557,0.108999603,8.487207722
0.800111532,0.000251432,-0.000009980,0.002906098,-4.898227400,0.113406665,8.487205547
0.810113192,0.000209382,-0.000006911,0.002651742,-4.898232475,0.112781164,8.487210490
0.820113420,-0.000274545,0.000027159,-0.000500353,-4.898409594,0.088283341,8.487348433
0.830116510,-0.000274545,0.000027159,-0.000500353,-4.898409594,0.088283341,8.487348433
0.840117216,-0.000580033,0.000045976,-0.002904200,-4.898692664,0.042767887,8.487578589
0.850118637,-0.000610147,0.000047277,-0.003223058,-4.898755438,0.030113418,8.487643441
0.860119343,-0.000617856,0.000044620,-0.003756432,-4.898903382,-0.007246176,8.487829827
0.870119810,-0.000611259,0.000043872,-0.003757221,-4.898911957,-0.010255653,8.487844808
0.880120516,-0.000492345,0.000032989,-0.003387101,-4.898955968,-0.034142863,8.487961865
0.890121460,-0.000386410,0.000024423,-0.002895101,-4.898953503,-0.044014992,8.488010349
0.900121689,-0.000386410,0.000024423,-0.002895101,-4.898953503,-0.044014992,8.488010349
0.910123587,-0.000307418,0.000018321,-0.002488956,-4.898941371,-0.048549990,8.488032860
0.920124292,-0.000307418,0.000018321,-0.002488956,-4.898941371,-0.048549990,8.488032860
0.930124283,0.000221855,-0.000018441,0.000933351,-4.898798997,-0.027899006,8.487912002
0.940125465,0.000251074,-0.000020332,0.001188501,-4.898783356,-0.023634235,8.487891622
0.950127363,0.000305150,-0.000022838,0.001763312,-4.898722519,-0.003613326,8.487791289
0.960128307,0.000306381,-0.000022650,0.001809593,-4.898713361,-0.000268024,8.487774554
0.970130444,0.000278133,-0.000019376,0.001807081,-4.898674257,0.014441066,8.487701946
0.980131149,0.000278133,-0.000019376,0.001807081,-4.898674257,0.014441066,8.487701946
0.990132570,0.000266529,-0.000018333,0.001765157,-4.898668076,0.016857523,8.487690267
1.000135183,0.000266529,-0.000018333,0.001765157,-4.898668076,0.016857523,8.487690267
1.010137320,0.000266529,-0.000018333,0.001765157,-4.898668076,0.016857523,8.487690267
1.020137787,-0.000006653,0.000002419,0.000264903,-4.898669602,0.026744247,8.487650067
1.030137777,-0.000006653,0.000002419,0.000264903,-4.898669602,0.026744247,8.487650067
1.040139675,-0.000084036,0.000007612,-0.000263992,-4.898702970,0.020769948,8.487682148
1.050141096,-0.000107178,0.000009062,-0.000438828,-4.898717747,0.017682912,8.487698195
1.060141802,-0.000107178,0.000009062,-0.000438828,-4.898717747,0.017682912,8.487698195
1.070142746,-0.000134657,0.000009437,-0.000864175,-4.898790685,-0.002808329,8.487801309
1.080143929,-0.000125972,0.000008665,-0.000835625,-4.898794355,-0.004526335,8.487809681
1.090144157,-0.000095314,0.000006153,-0.000700520,-4.898798993,-0.007957669,8.487826052
1.100144386,-0.000081823,0.000005103,-0.000632170,-4.898798972,-0.008788952,8.487829852
1.110145330,-0.000043503,0.000002228,-0.000420083,-4.898795039,-0.009792353,8.487833817
1.120145559,-0.000024278,0.000000837,-0.000305358,-4.898791355,-0.009668681,8.487832648
1.130147457,0.000007266,-0.000001378,-0.000105350,-4.898782963,-0.008580524,8.487826267
1.140148401,0.000054132,-0.000004443,0.000230464,-4.898762499,-0.004031499,8.487802044
1.150148869,0.000056403,-0.000004578,0.000249045,-4.898761002,-0.003634009,8.487799982
1.160150290,0.000071325,-0.000005289,0.000400772,-4.898744371,0.001265198,8.487774988
1.170151472,0.000071599,-0.000005219,0.000417477,-4.898740840,0.002430689,8.487769147
1.180153131,0.000071405,-0.000005176,0.000421188,-4.898739738,0.002806227,8.487767274
1.190154314,0.000041912,-0.000002599,0.000317794,-4.898727220,0.008275798,8.487740841
1.200155735,0.000035169,-0.000002081,0.000282207,-4.898727207,0.008598703,8.487739434
1.210156441,0.000016480,-0.000000693,0.000175742,-4.898729148,0.008882126,8.487738581
1.220157623,0.000000754,0.000000427,0.000078274,-4.898732803,0.008505648,8.487740928
1.230157852,-0.000014706,0.000001480,-0.000025600,-4.898738461,0.007509292,8.487746354
1.240161657,-0.000014706,0.000001480,-0.000025600,-4.898738461,0.007509292,8.487746354
1.250161648,-0.000014706,0.000001480,-0.000025600,-4.898738461,0.007509292,8.487746354
1.260163069,-0.000034552,0.000002560,-0.000203328,-4.898756684,0.002801167,8.487770424
1.270163536,-0.000034171,0.000002505,-0.000205660,-4.898757727,0.002448658,8.487772172
1.280165672,-0.000033130,0.000002389,-0.000205982,-4.898759109,0.001951765,8.487774622
1.290166140,-0.000020324,0.000001312,-0.000154015,-4.898762587,0.000149775,8.487783236
1.300166845,-0.000013697,0.000000808,-0.000118332,-4.898762295,-0.000106280,8.487784313
1.310167074,-0.000008024,0.000000391,-0.000085458,-4.898761505,-0.000146800,8.487784341
1.320168734,-0.000003591,0.000000073,-0.000058420,-4.898760580,-0.000075045,8.487783844
1.330170155,0.000006234,-0.000000605,0.000006155,-4.898757461,0.000441141,8.487780953
1.340171099,0.000010120,-0.000000858,0.000034157,-4.898755660,0.000834586,8.487778860
1.350171804,0.000012047,-0.000000978,0.000048944,-4.898754559,0.001098949,8.487777475
1.360175371,0.000012047,-0.000000978,0.000048944,-4.898754559,0.001098949,8.487777475
1.370176554,0.000016232,-0.000001126,0.000099862,-4.898747758,0.003124587,8.487767184
1.380177259,0.000014986,-0.000001007,0.000097250,-4.898746839,0.003490085,8.487765386
1.390177727,0.000014314,-0.000000948,0.000094945,-4.898746554,0.003617794,8.487764765
1.400184155,0.000009856,-0.000000586,0.000074627,-4.898745857,0.004076555,8.487762590
1.410186052,0.000007742,-0.000000425,0.000063410,-4.898745903,0.004172208,8.487762169
1.420186520,-0.000002139,0.000000284,0.000003040,-4.898748044,0.004004200,8.487763274
1.430186987,-0.000002575,0.000000313,0.000000062,-4.898748215,0.003972253,8.487763445
1.440187931,-0.000003404,0.000000368,-0.000005713,-4.898748494,0.003920714,8.487763709
1.450188875,-0.000007211,0.000000603,-0.000035333,-4.898750946,0.003347395,8.487766683
1.460188866,-0.000007211,0.000000603,-0.000035333,-4.898750946,0.003347395,8.487766683
1.470189095,-0.000007211,0.000000603,-0.000035333,-4.898750946,0.003347395,8.487766683
1.480191231,-0.000007211,0.000000603,-0.000035333,-4.898750946,0.003347395,8.487766683
1.490191460,-0.000006567,0.000000477,-0.000044529,-4.898754018,0.002345272,8.487771634
1.500192642,-0.000004275,0.000000294,-0.000033534,-4.898754270,0.002152670,8.487772513
1.510193586,-0.000003495,0.000000235,-0.000029302,-4.898754241,0.002124587,8.487772626
1.520193577,-0.000001120,0.000000061,-0.000015397,-4.898753901,0.002118402,8.487772572
1.530196905,0.000001440,-0.000000116,0.000001313,-4.898753134,0.002244260,8.487771849
1.540198088,0.000002186,-0.000000165,0.000006641,-4.898752839,0.002307176,8.487771514
1.550198793,0.000002664,-0.000000196,0.000010238,-4.898752550,0.002376761,8.487771139
1.560200214,0.000003293,-0.000000233,0.000015349,-4.898752131,0.002485092,8.487770571
1.570201159,0.000003897,-0.000000252,0.000023170,-4.898751076,0.002804746,8.487768941
1.580201626,0.000003897,-0.000000252,0.000023170,-4.898751076,0.002804746,8.487768941
1.590204477,0.000003086,-0.000000176,0.000021165,-4.898750561,0.003027869,8.487767820
1.600204706,0.000002318,-0.000000115,0.000017523,-4.898750491,0.003095956,8.487767492
1.610206842,0.000001312,-0.000000039,0.000012034,-4.898750567,0.003129656,8.487767341
1.620208979,0.000000181,0.000000042,0.000005192,-4.898750814,0.003115370,8.487767433
1.630210161,-0.000000166,0.000000067,0.000002945,-4.898750925,0.003100065,8.487767515
1.640212297,-0.000001135,0.000000131,-0.000003785,-4.898751352,0.003020769,8.487767925
1.650213242,-0.000001591,0.000000159,-0.000007404,-4.898751666,0.002948717,8.487768289
1.660213947,-0.000001888,0.000000172,-0.000010560,-4.898752074,0.002840269,8.487768825
1.670215130,-0.000001898,0.000000171,-0.000010892,-4.898752136,0.002824274,8.487768897
1.680215597,-0.000001874,0.000000166,-0.000011261,-4.898752273,0.002779898,8.487769117
1.690216780,-0.000001585,0.000000138,-0.000010613,-4.898752507,0.002698495,8.487769501
1.700218678,-0.000001124,0.000000101,-0.000008491,-4.898752596,0.002652857,8.487769702
1.710219622,-0.000000700,0.000000069,-0.000006194,-4.898752594,0.002637259,8.487769757
1.720221281,-0.000000149,0.000000028,-0.000002897,-4.898752515,0.002641270,8.487769708
1.730221510,0.000000132,0.000000009,-0.000001087,-4.898752445,0.002653517,8.487769631
1.740223169,0.000000132,0.000000009,-0.000001087,-4.898752445,0.002653517,8.487769631
1.750223637,0.000000333,-0.000000005,0.000000277,-4.898752381,0.002667443,8.487769549
1.760223866,0.000000891,-0.000000039,0.000004772,-4.898752051,0.002760603,8.487769039
1.770225763,0.000000907,-0.000000036,0.000005447,-4.898751932,0.002805379,8.487768802
1.780227661,0.000000881,-0.000000033,0.000005463,-4.898751903,0.002818629,8.487768732
1.790229797,0.000000881,-0.000000033,0.000005463,-4.898751903,0.002818629,8.487768732
1.800230742,0.000000459,0.000000001,0.000003663,-4.898751853,0.002871259,8.487768455
1.810232878,0.000000280,0.000000014,0.000002658,-4.898751884,0.002875237,8.487768432
1.820234060,0.000000250,0.000000017,0.000002482,-4.898751891,0.002875327,8.487768431
1.830236197,-0.000000036,0.000000037,0.000000706,-4.898751979,0.002868889,8.487768457
1.840236187,-0.000000264,0.000000052,-0.000000873,-4.898752099,0.002849745,8.487768546
1.850236893,-0.000000359,0.000000058,-0.000001617,-4.898752176,0.002835421,8.487768612
1.860237837,-0.000000425,0.000000061,-0.000002240,-4.898752257,0.002817593,8.487768694
1.870239735,-0.000000443,0.000000061,-0.000002602,-4.898752340,0.002797918,8.487768781
1.880240440,-0.000000443,0.000000061,-0.000002602,-4.898752340,0.002797918,8.487768781
1.890242338,-0.000000443,0.000000061,-0.000002602,-4.898752340,0.002797918,8.487768781
1.900242329,-0.000000443,0.000000061,-0.000002602,-4.898752340,0.002797918,8.487768781
1.910242796,-0.000000443,0.000000061,-0.000002602,-4.898752340,0.002797918,8.487768781
1.920244217,-0.000000443,0.000000061,-0.000002602,-4.898752340,0.002797918,8.487768781
1.930246353,0.000000042,0.000000022,-0.000000180,-4.898752467,0.002764257,8.487768877
1.940247297,0.000000066,0.000000020,-0.000000020,-4.898752463,0.002765880,8.487768865
1.950248003,0.000000088,0.000000019,0.000000134,-4.898752458,0.002767685,8.487768853
1.960249186,0.000000108,0.000000017,0.000000280,-4.898752455,0.002769650,8.487768840
1.970249176,0.000000108,0.000000017,0.000000280,-4.898752455,0.002769650,8.487768840
1.980251074,0.000000204,0.000000013,0.000001275,-4.898752401,0.002803113,8.487768631
1.990251064,0.000000189,0.000000014,0.000001237,-4.898752402,0.002806703,8.487768608
2.000252008,0.000000147,0.000000017,0.000001060,-4.898752410,0.002812125,8.487768571
2.010254860,0.000000108,0.000000020,0.000000861,-4.898752422,0.002814519,8.487768553
2.020256519,0.000000108,0.000000020,0.000000861,-4.898752422,0.002814519,8.487768553
2.030256987,0.000000108,0.000000020,0.000000861,-4.898752422,0.002814519,8.487768553
2.040258646,-0.000000057,0.000000032,-0.000000168,-4.898752520,0.002810319,8.487768545
2.050259113,-0.000000061,0.000000032,-0.000000201,-4.898752525,0.002809559,8.487768547
2.060259819,-0.000000098,0.000000034,-0.000000506,-4.898752579,0.002802640,8.487768568
2.070260048,-0.000000101,0.000000034,-0.000000538,-4.898752587,0.002801726,8.487768569
2.080261707,-0.000000101,0.000000034,-0.000000538,-4.898752587,0.002801726,8.487768569
2.090263844,-0.000000104,0.000000034,-0.000000608,-4.898752616,0.002797432,8.487768582
2.100264788,-0.000000085,0.000000032,-0.000000574,-4.898752660,0.002791682,8.487768594
2.110265255,-0.000000056,0.000000029,-0.000000435,-4.898752685,0.002788998,8.487768594
2.120268106,-0.000000025,0.000000027,-0.000000264,-4.898752701,0.002788379,8.487768585
2.130270004,-0.000000022,0.000000027,-0.000000244,-4.898752703,0.002788401,8.487768583
2.140272141,-0.000000012,0.000000026,-0.000000183,-4.898752707,0.002788569,8.487768578
2.150274038,0.000000004,0.000000025,-0.000000083,-4.898752714,0.002789156,8.487768569
2.160274029,0.000000039,0.000000022,0.000000169,-4.898752730,0.002792571,8.487768532
2.170275450,0.000000047,0.000000022,0.000000244,-4.898752737,0.002794443,8.487768514
2.180277348,0.000000049,0.000000022,0.000000260,-4.898752739,0.002795022,8.487768508
2.190278769,0.000000040,0.000000022,0.000000273,-4.898752770,0.002800129,8.487768457
2.200280190,0.000000036,0.000000023,0.000000255,-4.898752775,0.002800567,8.487768451
2.210281372,0.000000032,0.000000023,0.000000234,-4.898752780,0.002800874,8.487768446
2.220283508,0.000000014,0.000000024,0.000000138,-4.898752804,0.002801495,8.487768430
2.230284214,0.000000012,0.000000024,0.000000128,-4.898752808,0.002801493,8.487768429
2.240284920,0.000000011,0.000000024,0.000000118,-4.898752809,0.002801482,8.487768428
2.250285625,-0.000000013,0.000000026,-0.000000039,-4.898752853,0.002800238,8.487768414
2.260286808,-0.000000019,0.000000026,-0.000000081,-4.898752868,0.002799471,8.487768411
2.270287037,-0.000000024,0.000000026,-0.000000129,-4.898752893,0.002798146,8.487768406
2.280288935,-0.000000024,0.000000026,-0.000000137,-4.898752902,0.002797672,8.487768405
2.290290356,-0.000000021,0.000000026,-0.000000139,-4.898752935,0.002796106,8.487768396
2.300290823,-0.000000019,0.000000025,-0.000000129,-4.898752944,0.002795737,8.487768393
2.310291767,-0.000000015,0.000000025,-0.000000114,-4.898752954,0.002795428,8.487768389
2.320293665,-0.000000004,0.000000024,-0.000000053,-4.898752981,0.002795156,8.487768373
2.330295324,-0.000000001,0.000000024,-0.000000029,-4.898752990,0.002795249,8.487768367
2.340295553,0.000000002,0.000000023,-0.000000015,-4.898752995,0.002795364,8.487768363
2.350295544,0.000000002,0.000000023,-0.000000015,-4.898752995,0.002795364,8.487768363
2.360297203,0.000000006,0.000000023,0.000000019,-4.898753010,0.002795753,8.487768351
2.370298862,0.000000012,0.000000023,0.000000066,-4.898753041,0.002796994,8.487768323
2.380300999,0.000000012,0.000000023,0.000000066,-4.898753041,0.002796994,8.487768323
2.390301228,0.000000010,0.000000023,0.000000067,-4.898753068,0.002797773,8.487768303
2.400302887,0.000000009,0.000000023,0.000000063,-4.898753074,0.002797932,8.487768298
2.410304546,0.000000009,0.000000023,0.000000063,-4.898753074,0.002797932,8.487768298
2.420305014,0.000000007,0.000000023,0.000000055,-4.898753085,0.002798082,8.487768292
2.430306435,0.000000003,0.000000023,0.000000028,-4.898753111,0.002798216,8.487768276
2.440306664,0.000000003,0.000000023,0.000000028,-4.898753111,0.002798216,8.487768276
2.450308323,-0.000000005,0.000000023,-0.000000023,-4.898753164,0.002797652,8.487768250
2.460311890,-0.000000005,0.000000023,-0.000000024,-4.898753166,0.002797619,8.487768249
2.470312834,-0.000000006,0.000000023,-0.000000031,-4.898753179,0.002797406,8.487768243
2.480314732,-0.000000005,0.000000023,-0.000000033,-4.898753207,0.002796994,8.487768229
2.490316391,-0.000000005,0.000000023,-0.000000032,-4.898753214,0.002796909,8.487768225
2.500316858,-0.000000004,0.000000023,-0.000000028,-4.898753224,0.002796826,8.487768220
2.510318518,-0.000000004,0.000000023,-0.000000027,-4.898753226,0.002796812,8.487768219
2.520318985,-0.000000004,0.000000023,-0.000000027,-4.898753226,0.002796812,8.487768219
2.530320883,0.000000000,0.000000022,-0.000000006,-4.898753264,0.002796763,8.487768197
2.540322304,0.000000000,0.000000022,-0.000000005,-4.898753268,0.002796775,8.487768195
2.550323963,0.000000002,0.000000022,0.000000008,-4.898753293,0.002796945,8.487768180
2.560329914,0.000000002,0.000000022,0.000000009,-4.898753292,0.002796960,8.487768178
2.570353270,0.000000003,0.000000021,0.000000016,-4.898753317,0.002797179,8.487768162
2.580355167,0.000000003,0.000000021,0.000000016,-4.898753317,0.002797179,8.487768162
2.590355158,0.000000002,0.000000021,0.000000016,-4.898753342,0.002797347,8.487768148
2.600355387,0.000000002,0.000000021,0.000000016,-4.898753342,0.002797347,8.487768148
2.610356331,0.000000002,0.000000021,0.000000016,-4.898753342,0.002797347,8.487768148
2.620357752,0.000000002,0.000000021,0.000000016,-4.898753342,0.002797347,8.487768148
2.630358696,-0.000000000,0.000000021,0.000000002,-4.898753395,0.002797432,8.487768116
2.640359879,-0.000000000,0.000000021,0.000000002,-4.898753395,0.002797432,8.487768116
2.650360823,-0.000000001,0.000000021,-0.000000005,-4.898753425,0.002797335,8.487768100
2.660362482,-0.000000001,0.000000021,-0.000000005,-4.898753425,0.002797327,8.487768099
2.670363665,-0.000000001,0.000000021,-0.000000008,-4.898753452,0.002797223,8.487768085
2.680364609,-0.000000001,0.000000021,-0.000000008,-4.898753459,0.002797189,8.487768080
2.690366507,-0.000000001,0.000000021,-0.000000008,-4.898753472,0.002797151,8.487768073
2.700367451,-0.000000001,0.000000021,-0.000000007,-4.898753477,0.002797142,8.487768071
2.710367441,-0.000000000,0.000000021,-0.000000004,-4.898753503,0.002797105,8.487768056
2.720367670,-0.000000000,0.000000021,-0.000000003,-4.898753512,0.002797106,8.487768051
2.730370045,-0.000000000,0.000000020,-0.000000002,-4.898753517,0.002797109,8.487768047
2.740371466,0.000000000,0.000000020,0.000000000,-4.898753531,0.002797125,8.487768039
2.750372171,0.000000000,0.000000020,0.000000002,-4.898753542,0.002797147,8.487768032
2.760372639,0.000000001,0.000000020,0.000000003,-4.898753562,0.002797187,8.487768021
2.770374298,0.000000001,0.000000020,0.000000003,-4.898753563,0.002797190,8.487768020
2.780375242,0.000000001,0.000000020,0.000000003,-4.898753565,0.002797194,8.487768019
2.790375471,0.000000001,0.000000020,0.000000004,-4.898753569,0.002797200,8.487768017
2.800375462,0.000000000,0.000000020,0.000000003,-4.898753604,0.002797261,8.487767996
2.810376406,0.000000000,0.000000020,0.000000003,-4.898753617,0.002797270,8.487767988
2.820377588,0.000000000,0.000000020,0.000000002,-4.898753629,0.002797273,8.487767981
2.830377817,-0.000000000,0.000000020,0.000000000,-4.898753646,0.002797268,8.487767972
2.840378046,-0.000000000,0.000000020,-0.000000000,-4.898753659,0.002797257,8.487767964
2.850378036,-0.000000000,0.000000020,-0.000000000,-4.898753659,0.002797257,8.487767964
2.865297318,-0.000000000,0.000000019,-0.000000002,-4.898753685,0.002797230,8.487767949
2.875298738,-0.000000000,0.000000019,-0.000000002,-4.898753693,0.002797222,8.487767944
2.885299206,-0.000000000,0.000000019,-0.000000002,-4.898753706,0.002797209,8.487767937
2.895300388,-0.000000000,0.000000019,-0.000000002,-4.898753719,0.002797199,8.487767929
2.905302286,-0.000000000,0.000000019,-0.000000001,-4.898753734,0.002797193,8.487767921
2.915304184,-0.000000000,0.000000019,-0.000000001,-4.898753741,0.002797192,8.487767917
2.925306797,-0.000000000,0.000000019,-0.000000001,-4.898753745,0.002797192,8.487767915
2.935308218,-0.000000000,0.000000019,-0.000000001,-4.898753753,0.002797192,8.487767911
2.945309401,-0.003930129,0.002800151,-0.027696411,-4.096466525,-1.225863896,8.564851650
2.955312490,0.001876018,0.000687805,-0.053113975,-4.898126465,-1.156181474,8.495719918
2.965313196,0.001876018,0.000687805,-0.053113975,-4.898126465,-1.156181474,8.495719918
2.975316286,0.015113086,0.000051947,-0.045434306,-4.892058052,-1.194186425,8.487816047
2.985316277,0.018834235,0.000428884,-0.053022465,-4.884119678,-1.676658477,8.489498773
2.995319128,0.021344223,0.000286390,-0.052617520,-4.895752566,-1.625972536,8.485430464
3.005319834,0.026822426,0.000119306,-0.034360332,-4.912334715,-1.222816622,8.475750362
3.015320539,0.028329859,0.000032635,-0.023896177,-4.920201903,-1.000701159,8.471818483
3.025320768,0.030198094,-0.000114974,-0.006173566,-4.931881019,-0.629143754,8.466921323
3.035321474,0.031792818,0.000112578,-0.014132017,-4.932198515,-0.741722798,8.467530587
3.045323610,0.033528013,-0.000073161,-0.019286440,-4.950026533,-0.410710444,8.459980860
3.055326939,0.033954400,-0.000258562,-0.016707265,-4.953064792,0.107008422,8.455590037
3.065327168,0.033954400,-0.000258562,-0.016707265,-4.953064792,0.107008422,8.455590037
3.075328827,0.032635808,0.000595852,-0.024969332,-4.643125943,-0.221751344,8.496179720
3.085330725,0.033872413,-0.000314994,-0.024240028,-5.067053893,0.232048336,8.427981716
3.095331669,0.033325199,-0.000148717,-0.040469470,-4.951923321,0.077218993,8.457287365
3.105331659,0.033325199,-0.000148717,-0.040469470,-4.951923321,0.077218993,8.457287365
3.115333319,0.032424408,-0.000130828,-0.054117762,-4.948569351,0.165466249,8.457615392
3.125333309,0.032735244,-0.000326277,-0.057575421,-4.919180906,-0.074851529,8.449371232
3.135334492,0.032735244,-0.000326277,-0.057575421,-4.919180906,-0.074851529,8.449371232
3.145336151,0.032210188,-0.000012083,-0.065519724,-4.951756143,-0.025830863,8.457163679
3.155336857,0.032210188,-0.000012083,-0.065519724,-4.951756143,-0.025830863,8.457163679
3.165336847,0.033483604,-0.000015264,-0.068306611,-4.952515306,-0.176520161,8.458198110
3.175338268,0.034595977,-0.000000506,-0.071176852,-4.963391026,-0.311651000,8.453345377
3.185340166,0.034595977,-0.000000506,-0.071176852,-4.963391026,-0.311651000,8.453345377
3.195340872,0.034595977,-0.000000506,-0.071176852,-4.963391026,-0.311651000,8.453345377
3.205341816,0.036910967,0.000017980,-0.061408512,-4.963178694,-0.236085875,8.452092625
3.215343475,0.037300661,0.000059545,-0.060443203,-5.011778499,-0.155036775,8.437214905
3.225344181,0.037300661,0.000059545,-0.060443203,-5.011778499,-0.155036775,8.437214905
3.235345125,0.037300661,0.000059545,-0.060443203,-5.011778499,-0.155036775,8.437214905
3.245345116,0.038638673,-0.000028681,-0.057464475,-4.970004518,-0.083700201,8.447322776
3.255345583,0.038638673,-0.000028681,-0.057464475,-4.970004518,-0.083700201,8.447322776
3.265346289,0.038416270,0.000099174,-0.057450560,-4.958443229,0.036201943,8.454711678
3.275346756,0.038416270,0.000099174,-0.057450560,-4.958443229,0.036201943,8.454711678
3.285348415,0.038397664,-0.000113066,-0.059601589,-4.968550927,0.090356155,8.446672623
3.295350313,0.038215775,-0.000132588,-0.060755898,-4.967953487,0.103452885,8.446894904
3.305352449,0.037824686,-0.000033506,-0.063966675,-4.990327439,0.128063057,8.442417090
3.315354347,0.037997245,-0.000158274,-0.066041818,-4.957863014,0.007026466,8.454747890
3.325356245,0.037850074,-0.000093536,-0.066744077,-4.963529271,0.055175736,8.449667393
3.335356712,0.037899282,-0.000131467,-0.070674514,-4.966931479,-0.011644575,8.448826763
3.345358610,0.038152332,-0.000232416,-0.070774929,-4.965412166,-0.061799886,8.444829345
3.355360270,0.038105179,-0.000146349,-0.071270704,-4.920447219,-0.090109564,8.450596099
3.365361214,0.038280049,-0.000242428,-0.071201788,-4.983219930,-0.062710543,8.443628222
3.375363111,0.037997212,0.000341264,-0.070909656,-4.915383661,-0.213703521,8.496583473
3.385364294,0.037997212,0.000341264,-0.070909656,-4.915383661,-0.213703521,8.496583473
3.395366430,0.038460349,-0.000081539,-0.068523763,-4.977075134,0.028702925,8.437858174
3.405369043,0.038994139,-0.000106630,-0.067605924,-4.966739412,-0.101935924,8.451074354
3.415369987,0.039112343,-0.000069520,-0.064877584,-4.969447513,-0.043210086,8.447456471
3.425370455,0.039416008,-0.000172344,-0.066212443,-4.925180613,-0.163303111,8.471456599
3.435370922,0.038619312,0.000303167,-0.064605044,-4.970210536,0.112975863,8.442323163
3.445371389,0.039120902,-0.000106023,-0.064440153,-4.980171560,0.021675006,8.445547807
3.455374956,0.039089847,-0.000093552,-0.065578022,-4.971521274,0.021915002,8.445575823
3.465377092,0.039136065,-0.000132581,-0.065700806,-4.973688101,0.018910613,8.444491419
3.475378752,0.039124996,-0.000141536,-0.066843557,-4.971054259,0.012343556,8.446108680
3.485379696,0.039077142,-0.000128518,-0.067507194,-4.969803128,0.014166632,8.446785654
3.495382309,0.038989589,-0.000061809,-0.068529155,-4.964043487,-0.008743700,8.452329672
3.505383015,0.038989589,-0.000061809,-0.068529155,-4.964043487,-0.008743700,8.452329672
3.515385151,0.038989589,-0.000061809,-0.068529155,-4.964043487,-0.008743700,8.452329672
3.525386333,0.039157449,-0.000206350,-0.068466534,-4.979462932,-0.001579421,8.442669672
3.535387039,0.039158922,-0.000104403,-0.069241492,-4.969857340,-0.016047269,8.447028313
3.545387506,0.039204053,-0.000110244,-0.068990249,-4.969850504,-0.019233965,8.447070870
3.555391073,0.039120418,-0.000049651,-0.068591990,-4.971763623,0.000946583,8.448356892
3.565392256,0.039216833,-0.000115300,-0.066983235,-4.965751189,-0.007974149,8.449329147
3.575395823,0.039216833,-0.000115300,-0.066983235,-4.965751189,-0.007974149,8.449329147
3.585397720,0.039216833,-0.000115300,-0.066983235,-4.965751189,-0.007974149,8.449329147
3.595399141,0.039091524,-0.000131713,-0.066233598,-4.970829364,0.023381406,8.445997794
3.605399847,0.038932409,-0.000008421,-0.067075977,-4.971822400,0.025013133,8.449259570
3.615401745,0.039055090,-0.000086311,-0.068138177,-4.962043718,-0.007813612,8.451462674
3.625405550,0.039055090,-0.000086311,-0.068138177,-4.962043718,-0.007813612,8.451462674
3.635406494,0.039186521,-0.000161649,-0.069071398,-4.971980634,-0.010979669,8.445846069
3.645406723,0.039153129,-0.000123437,-0.069217616,-4.967640663,-0.014676394,8.448358497
3.655408144,0.039153129,-0.000123437,-0.069217616,-4.967640663,-0.014676394,8.448358497
3.665408611,0.039296209,-0.000087482,-0.069252444,-4.971164561,-0.017641286,8.446227172
3.675414085,0.039296209,-0.000087482,-0.069252444,-4.971164561,-0.017641286,8.446227172
3.685415030,0.039296209,-0.000087482,-0.069252444,-4.971164561,-0.017641286,8.446227172
3.695415974,0.039296209,-0.000087482,-0.069252444,-4.971164561,-0.017641286,8.446227172
3.705419540,0.039497360,-0.000169184,-0.067120506,-4.982173353,0.020050137,8.438027355
3.715420961,0.039497360,-0.000169184,-0.067120506,-4.982173353,0.020050137,8.438027355
3.725422144,0.039497360,-0.000169184,-0.067120506,-4.982173353,0.020050137,8.438027355
3.735423326,0.039275131,-0.000161378,-0.065664563,-4.970774576,0.031249738,8.445920489
3.745424032,0.039262504,-0.000218662,-0.067255481,-4.978309554,0.028699537,8.442987742
3.755425453,0.039041647,-0.000065311,-0.068269827,-4.966773568,0.030820081,8.448150482
3.765426874,0.039088207,-0.000110047,-0.068240808,-4.972527844,0.033236472,8.444823581
3.775430441,0.039088207,-0.000110047,-0.068240808,-4.972527844,0.033236472,8.444823581
3.785431862,0.039100676,-0.000096015,-0.069750786,-4.967155602,0.000258524,8.448396450
3.795433044,0.039100676,-0.000096015,-0.069750786,-4.967155602,0.000258524,8.448396450
3.805433273,0.039260570,-0.000077406,-0.070187694,-4.964768665,-0.032086303,8.450181445
3.815433741,0.039356264,-0.000098116,-0.069909319,-4.966424525,-0.036587944,8.449314228
3.825433731,0.039357425,-0.000091015,-0.069497307,-4.972616380,-0.018623328,8.445422159
3.835435629,0.039422571,-0.000126517,-0.069438757,-4.973080942,-0.027126759,8.445307263
3.845437765,0.039193128,0.000063403,-0.066667948,-4.967680018,0.046768466,8.446812671
3.855438948,0.039319806,-0.000016938,-0.065872029,-4.959488297,0.009791726,8.452588380
3.865439653,0.039420226,-0.000176180,-0.064701788,-4.973799215,0.025771956,8.444110074
3.875441074,0.039370989,-0.000140143,-0.064958070,-4.966115943,0.013038325,8.448758560
3.885442495,0.039148764,-0.000074210,-0.066466617,-4.970528079,0.026267741,8.449179906
3.895443678,0.039134396,-0.000077980,-0.066591716,-4.975182834,0.032516539,8.447175255
3.905443668,0.039218705,-0.000159117,-0.069203577,-4.969952506,0.001567376,8.446851884
3.915444851,0.039124164,-0.000093782,-0.069474778,-4.966836287,0.008556282,8.448511083
3.925444841,0.039151035,-0.000102080,-0.069677156,-4.966596723,-0.001321026,8.448754913
3.935445309,0.039304778,-0.000170298,-0.069767599,-4.976404743,-0.020657118,8.444208660
3.945446730,0.039198353,-0.000063757,-0.070274860,-4.962822862,-0.024598194,8.451149001
3.955448151,0.039173492,-0.000054897,-0.069937853,-4.970937962,-0.002925358,8.446156682
3.965448380,0.039173492,-0.000054897,-0.069937853,-4.970937962,-0.002925358,8.446156682
3.975448370,0.039173492,-0.000054897,-0.069937853,-4.970937962,-0.002925358,8.446156682
3.985448599,0.039173492,-0.000054897,-0.069937853,-4.970937962,-0.002925358,8.446156682
3.995450497,0.039343103,-0.000038749,-0.065989126,-4.960028783,0.004923750,8.452381489
4.005451679,0.039475241,-0.000165024,-0.064900853,-4.973350149,0.013147429,8.444512268
4.015452862,0.039376849,-0.000147569,-0.064887942,-4.968305894,0.012484969,8.447444253
4.025454283,0.039376849,-0.000147569,-0.064887942,-4.968305894,0.012484969,8.447444253
4.035455465,0.039376849,-0.000147569,-0.064887942,-4.968305894,0.012484969,8.447444253
4.045456648,0.039187275,-0.000134341,-0.068172114,-4.972030135,0.016912924,8.445312903
4.055457354,0.039182179,-0.000132728,-0.069079319,-4.971327141,0.007518518,8.445947784
4.065460920,0.039123732,-0.000076939,-0.069737905,-4.965758662,-0.001994550,8.449233077
4.075461149,0.039123732,-0.000076939,-0.069737905,-4.965758662,-0.001994550,8.449233077
4.085462809,0.039123732,-0.000076939,-0.069737905,-4.965758662,-0.001994550,8.449233077
4.095465183,0.039123732,-0.000076939,-0.069737905,-4.965758662,-0.001994550,8.449233077
4.105465889,0.039234951,-0.000134200,-0.069691531,-4.968949962,-0.017436576,8.446666650
4.115465879,0.039371322,-0.000044600,-0.069506921,-4.965762632,-0.027205917,8.449487416
4.125466347,0.039407157,-0.000086148,-0.068000683,-4.981692261,0.015477846,8.441552501
4.135468483,0.039581859,-0.000174640,-0.067837467,-4.971291008,-0.006158925,8.442312360
4.145468712,0.039438494,-0.000110932,-0.065809191,-4.978523324,0.025202102,8.441566437
4.155470133,0.039332468,-0.000029589,-0.065857240,-4.960426965,0.005185225,8.452167356
4.165470839,0.039098911,-0.000007542,-0.064946998,-4.965932973,0.051139104,8.448250231
4.175473213,0.039098911,-0.000007542,-0.064946998,-4.965932973,0.051139104,8.448250231
4.185473919,0.039076274,-0.000050605,-0.066460639,-4.976201112,0.035851288,8.446493779
4.195475817,0.039229636,-0.000132349,-0.067461284,-4.968772935,0.001354167,8.448164278
4.205477238,0.039078723,-0.000068414,-0.068026267,-4.970068289,0.029830951,8.446142915
4.215479612,0.039160932,-0.000102456,-0.069664242,-4.968201343,-0.008033116,8.447908935
4.225480795,0.039083965,-0.000054754,-0.069771289,-4.965548777,-0.001449079,8.449334613
4.235483408,0.039194773,-0.000105762,-0.069726031,-4.968324151,-0.018456234,8.447134656
4.245484114,0.039072951,0.000010225,-0.070174909,-4.963442292,-0.017231994,8.450648334
4.255486250,0.039180783,-0.000010399,-0.070167093,-4.964097657,-0.023280109,8.450465167
4.265486240,0.039180783,-0.000010399,-0.070167093,-4.964097657,-0.023280109,8.450465167
4.275487661,0.039180783,-0.000010399,-0.070167093,-4.964097657,-0.023280109,8.450465167
4.285489082,0.039363187,-0.000094052,-0.069753163,-4.971344667,-0.033896438,8.446428013
4.295489788,0.039526742,-0.000140494,-0.065769568,-4.973689349,-0.005056130,8.444857119
4.305489779,0.039526742,-0.000140494,-0.065769568,-4.973689349,-0.005056130,8.444857119
4.315687656,0.039118406,-0.000044983,-0.065736544,-4.963826089,0.031440265,8.449757276
4.325689554,0.039115147,-0.000073253,-0.066729390,-4.976448419,0.026804400,8.445554087
4.335690260,0.039047412,-0.000049225,-0.068065706,-4.969148847,0.028958031,8.446635350
4.345691919,0.039108662,-0.000082444,-0.069094942,-4.970182226,0.007829083,8.446602709
4.355693817,0.039050775,-0.000045473,-0.069505086,-4.965582824,0.003501369,8.449285571
4.365696669,0.038992515,0.000009193,-0.069678938,-4.972851746,0.005744012,8.447457192
4.375697613,0.039221010,-0.000093275,-0.069722941,-4.975512557,-0.025241022,8.445396242
4.385698795,0.039190095,-0.000022117,-0.070080924,-4.964900729,-0.031904819,8.450100683
4.395702362,0.039132899,0.000006280,-0.069972115,-4.965708543,-0.017507399,8.449463941
4.405703545,0.039333195,-0.000026281,-0.068849997,-4.970694924,-0.015476728,8.446462929
4.415706635,0.039194848,0.000020499,-0.068078618,-5.001703701,0.011625799,8.452974499
4.425707817,0.039125204,0.000045562,-0.065554827,-4.964574024,0.043612931,8.449218252
4.435709476,0.039252794,-0.000027427,-0.065301877,-4.962599503,0.012653033,8.450475478
4.445711374,0.039239568,-0.000055822,-0.065263853,-4.964979285,0.016758506,8.449162613
4.455712080,0.039239568,-0.000055822,-0.065263853,-4.964979285,0.016758506,8.449162613
4.465713501,0.039239568,-0.000055822,-0.065263853,-4.964979285,0.016758506,8.449162613
4.475713968,0.039075059,-0.000062845,-0.068216847,-4.970613455,0.020596337,8.445939442
4.485715389,0.039075059,-0.000062845,-0.068216847,-4.970613455,0.020596337,8.445939442
4.495716333,0.039059207,-0.000044983,-0.069565016,-4.967073927,-0.006089592,8.448491609
4.505719900,0.039099714,-0.000036578,-0.069774288,-4.953155919,-0.019545053,8.446837190
4.515721321,0.039096740,-0.000013179,-0.070063400,-4.965304852,-0.031284627,8.450222886
4.525721550,0.039125251,-0.000024629,-0.069696202,-4.969819571,-0.007902263,8.446835860
4.535721540,0.039266353,-0.000025272,-0.069210669,-4.970495636,-0.021331657,8.446705659
4.545721769,0.039310013,-0.000019839,-0.068798097,-4.969731906,-0.017995488,8.447055868
4.555725098,0.039310013,-0.000019839,-0.068798097,-4.969731906,-0.017995488,8.447055868
4.565726280,0.039164437,0.000025465,-0.065942793,-4.964057636,0.029304811,8.449844408
4.575727701,0.039165161,0.000012550,-0.065536050,-4.969055829,0.048698682,8.446643605
4.585728168,0.039145112,-0.000001361,-0.065247917,-4.967421360,0.046315599,8.447285205
4.595730305,0.039101776,-0.000044248,-0.066180263,-4.966224700,0.018022716,8.447758741
4.605730534,0.039167470,-0.000086633,-0.067203339,-4.976088137,0.028505474,8.445661020
4.615732908,0.039014168,-0.000028731,-0.068808135,-4.965026585,0.002147402,8.449475769
4.625733137,0.038953863,-0.000008282,-0.068869120,-4.965574102,0.015284724,8.449081540
4.635735035,0.038953863,-0.000008282,-0.068869120,-4.965574102,0.015284724,8.449081540
4.645735502,0.038961107,0.000015803,-0.069655081,-4.963189543,-0.011219261,8.449548278
4.655736923,0.039127492,-0.000022884,-0.069694916,-4.969940457,-0.020204171,8.446908420
4.665737152,0.039135637,-0.000014515,-0.069791416,-4.968272379,-0.029068123,8.447985605
4.675737619,0.039194811,-0.000018935,-0.069535144,-4.969553699,-0.023522427,8.447342217
4.685737848,0.039521217,-0.000108570,-0.067616861,-4.993437810,0.001411405,8.446730120
4.695739746,0.039521217,-0.000108570,-0.067616861,-4.993437810,0.001411405,8.446730120
4.705740929,0.039337147,-0.000055889,-0.065549512,-4.971138794,0.028893475,8.445670329
4.715743542,0.039195729,-0.000032311,-0.065536617,-4.966766551,0.027281922,8.447937880
4.725743771,0.039157315,-0.000041208,-0.065703674,-4.967571744,0.030857578,8.447533181
4.735744238,0.039103116,-0.000036866,-0.065876569,-4.968063362,0.039283964,8.447181279
4.745745659,0.039104897,-0.000041717,-0.065949743,-4.968229669,0.037388901,8.447115047
4.755747080,0.038971136,-0.000019290,-0.069145409,-4.967358806,0.005820356,8.448238489
4.765747070,0.038982924,-0.000020943,-0.069369545,-4.967685891,0.000257292,8.448057806
4.775748968,0.038993880,-0.000016090,-0.069401905,-4.968218254,-0.003144435,8.447786194
4.785751104,0.039012676,-0.000007646,-0.069440870,-4.973309253,-0.006978668,8.446827403
4.795752525,0.039104845,-0.000014003,-0.069719846,-4.969040731,-0.025365192,8.447504374
4.805752754,0.039120174,-0.000006014,-0.069613496,-4.969323678,-0.021100045,8.447406497
4.815755129,0.039172331,-0.000005717,-0.069399477,-4.969217386,-0.023596911,8.447505422
4.825757265,0.039172331,-0.000005717,-0.069399477,-4.969217386,-0.023596911,8.447505422
4.835759163,0.039345602,-0.000036721,-0.066395212,-4.966777206,0.006140588,8.447140450
4.845760107,0.039307145,-0.000039734,-0.065768172,-4.969117351,0.018040451,8.446942574
4.855762005,0.039251131,-0.000029569,-0.065656306,-4.967850383,0.026900514,8.447278835
4.865763903,0.039141329,-0.000036160,-0.065755667,-4.967957449,0.034914910,8.447271936
4.875764132,0.038920777,0.000011035,-0.066710955,-4.961977637,0.032514225,8.448745890
4.885764122,0.038986308,-0.000024564,-0.068319656,-4.967578379,0.010036547,8.447818658
4.895765066,0.038986308,-0.000024564,-0.068319656,-4.967578379,0.010036547,8.447818658
4.905766249,0.038959842,-0.000018549,-0.069225739,-4.968203482,0.004027411,8.447758793
4.915767670,0.038959842,-0.000018549,-0.069225739,-4.968203482,0.004027411,8.447758793
4.925770283,0.038956272,-0.000016447,-0.069319552,-4.968105599,0.002730345,8.447803925
4.935772419,0.038956272,-0.000016447,-0.069319552,-4.968105599,0.002730345,8.447803925
4.945772648,0.038956272,-0.000016447,-0.069319552,-4.968105599,0.002730345,8.447803925
4.956173420,0.039581080,-0.000079723,-0.067998333,-4.976574704,0.031188817,8.442693675
4.966173887,0.039502442,-0.000072122,-0.067932360,-4.977183430,-0.020346717,8.446304416
4.976175308,0.039325685,-0.000031800,-0.066170150,-4.968440073,0.019673031,8.446917999
4.986176014,0.039330059,-0.000035171,-0.066016479,-4.969244482,0.019599036,8.446831239
4.996176243,0.039286669,-0.000034326,-0.065673878,-4.968545226,0.023188163,8.447039742
5.006176233,0.038972773,-0.000007014,-0.066556850,-4.955742844,0.019299875,8.447699135
5.016176224,0.038972773,-0.000007014,-0.066556850,-4.955742844,0.019299875,8.447699135
5.026179075,0.038950991,-0.000020150,-0.068577984,-4.967924262,0.012272161,8.447627093
5.036180496,0.038944568,-0.000019108,-0.068896068,-4.968144723,0.008968262,8.447685646
5.046180725,0.038923625,0.000004708,-0.069606519,-4.955401439,-0.004931436,8.446204050
5.056181192,0.038923625,0.000004708,-0.069606519,-4.955401439,-0.004931436,8.446204050
5.066183329,0.039053632,-0.000004261,-0.069862096,-4.968892423,-0.024687685,8.447664309
5.076184988,0.039116775,-0.000005357,-0.069739959,-4.969144922,-0.026454188,8.447558450
5.086185932,0.039252678,-0.000008709,-0.069147383,-4.969380830,-0.026499916,8.447342992
5.096187830,0.039252678,-0.000008709,-0.069147383,-4.969380830,-0.026499916,8.447342992
5.106188774,0.039353554,-0.000030465,-0.067352831,-4.963303387,0.013138580,8.446715257
5.116190195,0.039358459,-0.000034895,-0.065946751,-4.968697238,0.016894380,8.447000761
5.126193523,0.039350114,-0.000035362,-0.065812672,-4.968903247,0.017746275,8.447030622
5.136195183,0.039265589,-0.000038311,-0.065335569,-4.968194592,0.027380525,8.447107649
5.146195650,0.039265589,-0.000038311,-0.065335569,-4.968194592,0.027380525,8.447107649
5.156195641,0.039016777,-0.000032863,-0.067792267,-4.970081975,0.012946591,8.447721333
5.166197777,0.038999023,-0.000031216,-0.069170746,-4.968228257,0.004854311,8.447743313
5.176199913,0.038999023,-0.000031216,-0.069170746,-4.968228257,0.004854311,8.447743313
5.186201096,0.038925245,-0.000010542,-0.069656219,-4.966669115,-0.021528350,8.449096141
5.196201801,0.038925245,-0.000010542,-0.069656219,-4.966669115,-0.021528350,8.449096141
5.206203461,0.038925245,-0.000010542,-0.069656219,-4.966669115,-0.021528350,8.449096141
5.216205120,0.038925245,-0.000010542,-0.069656219,-4.966669115,-0.021528350,8.449096141
5.226206541,0.039418368,-0.000026723,-0.068981071,-4.969291647,-0.026011863,8.447371322
5.236208200,0.039453886,-0.000027799,-0.068740626,-4.969366269,-0.024129707,8.447291446
5.246208191,0.039484373,-0.000042296,-0.066411482,-4.964591924,0.015143088,8.446870153
5.256210327,0.039484373,-0.000042296,-0.066411482,-4.964591924,0.015143088,8.446870153
5.266213179,0.039400154,-0.000053169,-0.065107228,-4.968085549,0.028328878,8.447216456
5.276214361,0.039400154,-0.000053169,-0.065107228,-4.968085549,0.028328878,8.447216456
5.286214352,0.039263153,-0.000057014,-0.067015382,-4.970869857,0.015734611,8.447848207
5.296216726,0.039251863,-0.000057621,-0.067264199,-4.971357767,0.014290337,8.447877057
5.306217432,0.039220523,-0.000056968,-0.068884607,-4.967864709,0.008335916,8.447862391
5.316217899,0.039220523,-0.000056968,-0.068884607,-4.967864709,0.008335916,8.447862391
5.326219082,0.039251961,-0.000050874,-0.069492678,-4.967930811,-0.003794598,8.447968943
5.336220980,0.039324143,-0.000042005,-0.069675002,-4.970200551,-0.021782349,8.448110482
5.346220970,0.039353180,-0.000040236,-0.069818710,-4.968952830,-0.024761263,8.447973472
5.356221437,0.039353180,-0.000040236,-0.069818710,-4.968952830,-0.024761263,8.447973472
5.366221428,0.039498848,-0.000032657,-0.069060401,-4.968898910,-0.026382464,8.447649514
5.376222134,0.039515970,-0.000042740,-0.068014938,-4.978322540,-0.008027217,8.447590333
5.386223078,0.039513212,-0.000041070,-0.066914215,-4.962940345,0.013554498,8.447018707
5.396223545,0.039470088,-0.000043708,-0.065439933,-4.968185295,0.024021258,8.447283614
5.406225443,0.039349328,-0.000050576,-0.065605104,-4.967755878,0.033824167,8.447446851
5.416227341,0.039349328,-0.000050576,-0.065605104,-4.967755878,0.033824167,8.447446851
5.426227570,0.039325211,-0.000051536,-0.065749130,-4.967677146,0.034723631,8.447492019
5.436228991,0.039203678,-0.000047944,-0.068571787,-4.967775964,0.012445350,8.447935109
5.446230650,0.039193597,-0.000045844,-0.068985480,-4.967680711,0.008415371,8.447989610
5.456231833,0.039188814,-0.000041452,-0.069383902,-4.967742605,0.001609265,8.448045401
5.466232061,0.039190264,-0.000040115,-0.069431051,-4.967753739,0.000215040,8.448052316
5.476233006,0.039278748,-0.000027223,-0.069774398,-4.969021522,-0.023402437,8.448033162
5.486233950,0.039278748,-0.000027223,-0.069774398,-4.969021522,-0.023402437,8.448033162
5.496235609,0.039278748,-0.000027223,-0.069774398,-4.969021522,-0.023402437,8.448033162
5.506239414,0.039278748,-0.000027223,-0.069774398,-4.969021522,-0.023402437,8.448033162
5.516242266,0.039474094,-0.000036167,-0.067214185,-4.964653498,0.011217528,8.447099669
5.526243925,0.039477246,-0.000033113,-0.066705712,-4.963509964,0.014733976,8.447104435
5.536245584,0.039415359,-0.000036412,-0.065484823,-4.968094712,0.027602201,8.447317187
5.546245575,0.039322372,-0.000042270,-0.065691188,-4.967713866,0.035079753,8.447470322
5.556245804,0.039228211,-0.000037098,-0.067188379,-4.969869320,0.019046865,8.447910220
5.566248655,0.039228211,-0.000037098,-0.067188379,-4.969869320,0.019046865,8.447910220
5.576249123,0.039201047,-0.000040768,-0.067990234,-4.969390597,0.015567576,8.447922983
5.586250305,0.039174949,-0.000034940,-0.069339762,-4.967744988,0.003475894,8.448032475
5.596251726,0.039206490,-0.000023931,-0.069466681,-4.962363561,-0.009078524,8.447899279
5.606252909,0.039275069,-0.000020405,-0.069770341,-4.969197570,-0.022356810,8.448017120
5.616254568,0.039293821,-0.000019700,-0.069749414,-4.968730664,-0.023021324,8.447969034
5.626254559,0.039293821,-0.000019700,-0.069749414,-4.968730664,-0.023021324,8.447969034
5.636255264,0.039467170,-0.000014286,-0.068839834,-4.968981798,-0.022876504,8.447591432
5.646256208,0.039495377,-0.000014102,-0.068627757,-4.969050437,-0.021348120,8.447519806
5.656256199,0.039495377,-0.000014102,-0.068627757,-4.969050437,-0.021348120,8.447519806
5.666256666,0.039438217,-0.000028377,-0.065489537,-4.968253674,0.028547674,8.447267540
5.676257133,0.039438217,-0.000028377,-0.065489537,-4.968253674,0.028547674,8.447267540
5.686258554,0.039334388,-0.000034308,-0.065833984,-4.967751473,0.036635685,8.447444900
5.696260691,0.039334388,-0.000034308,-0.065833984,-4.967751473,0.036635685,8.447444900
5.706261158,0.039229110,-0.000032060,-0.068298359,-4.968644343,0.015566194,8.447868153
5.716265202,0.039229110,-0.000032060,-0.068298359,-4.968644343,0.015566194,8.447868153
5.726266146,0.039227581,-0.000024359,-0.069373397,-4.967861089,0.003745665,8.447972411
5.736266136,0.039262536,-0.000018397,-0.069497854,-4.968684771,-0.010597835,8.447944255
5.746267319,0.039337331,-0.000008251,-0.069802697,-4.969751096,-0.020478920,8.447975817
5.756267548,0.039337331,-0.000008251,-0.069802697,-4.969751096,-0.020478920,8.447975817
5.766268730,0.039467486,-0.000001612,-0.069452114,-4.968882686,-0.023528785,8.447688090
5.776269674,0.039579839,0.000001670,-0.068677120,-4.969261003,-0.019601791,8.447379327
5.786269903,0.039576652,-0.000011937,-0.068078515,-4.987395667,-0.004276374,8.447912763
5.796271086,0.039555499,-0.000008358,-0.066371177,-4.965481323,0.018858367,8.446982327
5.806271791,0.039555499,-0.000008358,-0.066371177,-4.965481323,0.018858367,8.446982327
5.816273451,0.039555499,-0.000008358,-0.066371177,-4.965481323,0.018858367,8.446982327
5.826273441,0.039282758,-0.000025813,-0.065996082,-4.967921733,0.038315499,8.447341783
5.836275101,0.039217969,-0.000022288,-0.067581866,-4.970639062,0.019527543,8.447684996
5.846276522,0.039185887,-0.000025190,-0.068551435,-4.968484285,0.015030163,8.447675259
5.856277227,0.039151955,-0.000021666,-0.069415071,-4.968209941,0.004543625,8.447750868
5.866277695,0.039149815,-0.000018894,-0.069511929,-4.968338756,-0.000937354,8.447751662
5.876278400,0.039185653,-0.000009099,-0.069729728,-4.968639609,-0.016283462,8.447753595
5.886278868,0.039192347,-0.000010019,-0.069823797,-4.970326181,-0.017756516,8.447802834
5.896280766,0.039216654,-0.000011252,-0.069905177,-4.969963768,-0.020388916,8.447705349
5.906280756,0.039216654,-0.000011252,-0.069905177,-4.969963768,-0.020388916,8.447705349
5.916287184,0.039352602,-0.000015076,-0.068705134,-4.969678437,-0.019562418,8.447129808
5.926288128,0.039276638,-0.000037652,-0.066619455,-4.965064406,0.016057343,8.446748492
5.936288834,0.039255080,-0.000035630,-0.065794232,-4.967031018,0.021369347,8.446843403
5.946311474,0.039201135,-0.000040915,-0.065154809,-4.968906404,0.030226142,8.446951992
5.956314087,0.039201135,-0.000040915,-0.065154809,-4.968906404,0.030226142,8.446951992
5.966315985,0.039201135,-0.000040915,-0.065154809,-4.968906404,0.030226142,8.446951992
5.981931448,0.039029879,-0.000040146,-0.069109318,-4.968260294,0.010135661,8.447565597
5.991937637,0.039023712,-0.000038615,-0.069366734,-4.968366752,0.006174177,8.447598396
6.001939058,0.039022513,-0.000037821,-0.069446926,-4.968434961,0.004291260,8.447608740
6.011941195,0.039022513,-0.000037821,-0.069446926,-4.968434961,0.004291260,8.447608740
6.021944284,0.039118716,-0.000026293,-0.069857901,-4.970052445,-0.021410700,8.447529555
6.031945467,0.039118716,-0.000026293,-0.069857901,-4.970052445,-0.021410700,8.447529555
6.041946411,0.039179490,-0.000029449,-0.069455565,-4.969468977,-0.023843200,8.447303079
6.051946878,0.039185969,-0.000029815,-0.069392615,-4.969516784,-0.023813211,8.447281314
6.061947346,0.039192465,-0.000030206,-0.069326856,-4.969562854,-0.023725921,8.447259119
6.071948051,0.039139495,-0.000074203,-0.067107287,-4.968603733,0.012471540,8.446763202
6.081949472,0.039148760,-0.000061272,-0.065704463,-4.967406437,0.022198726,8.446846339
6.091949940,0.039148760,-0.000061272,-0.065704463,-4.967406437,0.022198726,8.446846339
6.101949930,0.039148760,-0.000061272,-0.065704463,-4.967406437,0.022198726,8.446846339
6.111950636,0.039078591,-0.000036009,-0.066987740,-4.967596355,0.025832548,8.447573515
6.121953249,0.039049368,-0.000041315,-0.068025548,-4.970464997,0.018052433,8.447545960
6.131953239,0.039032034,-0.000042308,-0.068743607,-4.968733499,0.013302378,8.447517791
6.141953945,0.039017365,-0.000038245,-0.069458934,-4.968497161,0.002364696,8.447579850
6.151954651,0.039130440,-0.000007088,-0.069406500,-4.959444410,-0.018198240,8.446416178
6.161955595,0.039104364,-0.000021684,-0.069785495,-4.970693459,-0.022322796,8.447458871
6.171958685,0.039120773,-0.000026112,-0.069798379,-4.970212239,-0.021869165,8.447567276
6.181960106,0.039163325,-0.000031991,-0.069510228,-4.969411454,-0.024660117,8.447304751
6.191960573,0.039227073,-0.000038330,-0.068842641,-4.969787967,-0.023011067,8.447092178
6.201962233,0.038924995,-0.000133493,-0.068911366,-4.976785985,-0.063776373,8.440706277
6.211962461,0.039140894,-0.000083778,-0.067574208,-4.975358790,0.021257308,8.448381720
6.221962690,0.039140894,-0.000083778,-0.067574208,-4.975358790,0.021257308,8.448381720
6.231969833,0.039101742,-0.000068209,-0.065470624,-4.968813978,0.031600062,8.446978736
6.241970539,0.039072832,-0.000065372,-0.065694853,-4.968323612,0.035422807,8.447110016
6.251973391,0.039046779,-0.000062509,-0.065996155,-4.968122760,0.036627515,8.447217227
6.261974812,0.039100469,-0.000031389,-0.066882115,-4.965413310,0.010575855,8.445799939
6.271976709,0.039100469,-0.000031389,-0.066882115,-4.965413310,0.010575855,8.445799939
6.281977177,0.039100469,-0.000031389,-0.066882115,-4.965413310,0.010575855,8.445799939
6.291978359,0.039140360,0.000003517,-0.069358875,-4.959204518,-0.013478963,8.447021863
6.301980019,0.039140360,0.000003517,-0.069358875,-4.959204518,-0.013478963,8.447021863
6.311980486,0.039085650,-0.000018979,-0.069701337,-4.969255095,-0.018303924,8.447041064
6.321980476,0.039130151,-0.000014790,-0.069810581,-4.970892691,-0.026171654,8.447366752
6.331981421,0.039218707,-0.000035453,-0.069090129,-4.969722318,-0.025260718,8.447130082
6.341984749,0.039250986,-0.000039290,-0.068736797,-4.969813673,-0.023338518,8.447042640
6.351985216,0.039092241,-0.000109155,-0.066846748,-4.967965053,0.014466284,8.445639263
6.361987114,0.039117897,-0.000086397,-0.065822221,-4.968274505,0.019287675,8.446243009
6.371991634,0.039127573,-0.000079620,-0.065658735,-4.967510994,0.029501286,8.447272746
6.381993771,0.039167986,-0.000063498,-0.065526803,-4.967992720,0.022240854,8.447287589
6.391995192,0.039145651,-0.000013354,-0.066857509,-4.965186557,0.005441705,8.445890559
6.401997805,0.039086998,-0.000025994,-0.068087697,-4.971449720,0.007454447,8.446870271
6.412001610,0.039057103,-0.000030187,-0.068439143,-4.968637068,0.017892063,8.448148505
6.422002077,0.039033104,-0.000030053,-0.069403142,-4.968380909,0.003856210,8.447559670
6.432002068,0.039033104,-0.000030053,-0.069403142,-4.968380909,0.003856210,8.447559670
6.442002296,0.039033104,-0.000030053,-0.069403142,-4.968380909,0.003856210,8.447559670
6.452002287,0.039117135,-0.000024737,-0.069883903,-4.970828524,-0.022154345,8.447216322
6.462003469,0.039117135,-0.000024737,-0.069883903,-4.970828524,-0.022154345,8.447216322
6.472004652,0.039203244,-0.000031734,-0.069395393,-4.969689690,-0.025746763,8.447130566
6.482012272,0.039267446,-0.000033804,-0.068833478,-4.969418240,-0.023496716,8.447274264
6.492014170,0.039176448,-0.000090633,-0.068941561,-4.975869567,-0.053089220,8.441795319
6.502014637,0.039181227,-0.000070694,-0.065999274,-4.962175995,0.028177930,8.449035514
6.512015581,0.039181227,-0.000070694,-0.065999274,-4.962175995,0.028177930,8.449035514
6.522017002,0.039062484,-0.000074227,-0.065546926,-4.968355087,0.039487450,8.447209245
6.532016993,0.039078083,-0.000037333,-0.065890470,-4.964650403,0.055433528,8.450259711
6.542017698,0.039148248,0.000007858,-0.067655341,-4.967365664,0.014131083,8.449272903
6.552018166,0.039038751,-0.000039703,-0.068432336,-4.972173718,0.006132573,8.446263537
6.562019587,0.039014466,-0.000038831,-0.069171796,-4.969067264,0.011554661,8.447171039
6.572019815,0.039014466,-0.000038831,-0.069171796,-4.969067264,0.011554661,8.447171039
6.582021713,0.039054979,-0.000017969,-0.069532087,-4.967674361,-0.002582493,8.448184120
6.592021942,0.039099296,-0.000009118,-0.069826602,-4.969607601,-0.015159556,8.447421360
6.602022409,0.039125108,-0.000020567,-0.070034996,-4.971661247,-0.024370223,8.446718270
6.612024307,0.039223922,-0.000008769,-0.069668826,-4.967949571,-0.026108537,8.448129525
6.622032166,0.039282758,-0.000011419,-0.069305541,-4.968606693,-0.028298222,8.447729895
6.632035255,0.039280382,-0.000022463,-0.069248358,-4.970300628,-0.029637628,8.446707390
6.642036676,0.039264570,-0.000063898,-0.067174519,-4.970102470,-0.013499911,8.444391412
6.652036667,0.039165485,-0.000057905,-0.064922678,-4.964071112,0.039705459,8.449881549
6.662038803,0.039092558,-0.000092676,-0.065190050,-4.972881752,0.027421811,8.444698032
6.672040462,0.039102421,-0.000066372,-0.065417113,-4.971597707,0.024738594,8.445148611
6.682042122,0.039154008,-0.000016106,-0.065486886,-4.964802637,0.030335327,8.449127770
6.692123413,0.039154008,-0.000016106,-0.065486886,-4.964802637,0.030335327,8.449127770
6.702124119,0.039154008,-0.000016106,-0.065486886,-4.964802637,0.030335327,8.449127770
6.712125540,0.039105482,0.000006467,-0.069600892,-4.968458176,-0.006681241,8.447417972
6.722127438,0.039103606,0.000008885,-0.069639164,-4.967068471,-0.005664973,8.448441047
6.732127905,0.039203638,0.000041675,-0.070019659,-4.969531234,-0.034911405,8.446380981
6.742129326,0.039086390,-0.000015627,-0.070054131,-4.971449678,-0.014792886,8.446563350
6.752130985,0.039267078,0.000021380,-0.070133854,-4.970162635,-0.039637372,8.446755823
6.762131929,0.039267078,0.000021380,-0.070133854,-4.970162635,-0.039637372,8.446755823
6.772132635,0.039278330,-0.000063291,-0.069297727,-4.987090399,-0.027819027,8.448686067
6.782134533,0.039155914,-0.000123157,-0.069045102,-4.982613390,-0.005739729,8.443995355
6.792136192,0.039136132,-0.000114787,-0.068065254,-4.973682194,0.021860284,8.447570307
6.802136183,0.039109831,-0.000084846,-0.064614748,-4.973573957,0.027739796,8.444297843
6.812137127,0.039078782,-0.000044632,-0.064915787,-4.964429773,0.047808094,8.449654109
6.822137117,0.039215680,0.000038307,-0.065518563,-4.959995752,0.025588976,8.448606663
6.832138777,0.039169452,0.000027771,-0.067721978,-4.970228755,0.005498291,8.447368976
6.842140675,0.039137826,0.000022636,-0.068586191,-4.967339630,0.008457949,8.448647551
6.852142334,0.039140729,0.000029303,-0.069536152,-4.967663144,-0.003872970,8.447842884
6.862143040,0.039163221,0.000050590,-0.069671492,-4.959650724,-0.006006569,8.448365064
6.872145176,0.039150680,0.000017578,-0.070236199,-4.972341746,-0.024393347,8.445357625
6.882145882,0.039134788,0.000013197,-0.070079900,-4.968315410,-0.010756997,8.448647749
6.892147541,0.039134788,0.000013197,-0.070079900,-4.968315410,-0.010756997,8.448647749
6.902149677,0.039134788,0.000013197,-0.070079900,-4.968315410,-0.010756997,8.448647749
6.912150860,0.039134788,0.000013197,-0.070079900,-4.968315410,-0.010756997,8.448647749
6.922152758,0.039400783,0.000013814,-0.067892381,-4.966661721,-0.008397994,8.446964728
6.932156086,0.039332465,0.000011290,-0.065795613,-4.960823415,0.022005901,8.450363371
6.942157745,0.039332465,0.000011290,-0.065795613,-4.960823415,0.022005901,8.450363371
6.952157974,0.039285232,0.000038321,-0.063837251,-4.966914871,0.013284823,8.447801579
6.962159634,0.039145202,-0.000000965,-0.064296379,-4.962796139,0.041644351,8.450562599
6.972161531,0.039114373,0.000007208,-0.066386000,-4.968444124,0.027837149,8.447562732
6.982163429,0.039102559,0.000009594,-0.068200439,-4.967526642,0.021405135,8.448947378
6.992165327,0.039071953,-0.000005370,-0.069256678,-4.968970342,0.014717671,8.447397502
7.002168655,0.039200095,0.000063878,-0.069727339,-4.969036668,-0.011342496,8.446950218
7.012169123,0.039200095,0.000063878,-0.069727339,-4.969036668,-0.011342496,8.446950218
7.022170544,0.039200095,0.000063878,-0.069727339,-4.969036668,-0.011342496,8.446950218
7.032171488,0.039279412,0.000062932,-0.070172078,-4.964351572,-0.019016695,8.450751166
7.042171717,0.039239408,0.000006793,-0.070105964,-4.966616712,-0.011060926,8.449224266
7.052172184,0.039353563,0.000069510,-0.070032341,-4.963701829,-0.023040342,8.450716256
7.062173128,0.039381637,0.000007992,-0.068367346,-4.966805945,0.005007690,8.448427539
7.072174549,0.039381637,0.000007992,-0.068367346,-4.966805945,0.005007690,8.448427539
7.082175255,0.041923750,0.001327941,-0.068538391,-4.936918853,-0.390924733,8.454367315
7.092175484,0.036711169,-0.001716384,-0.068269927,-5.100238362,0.198857642,8.373485473
7.102177143,0.040678869,0.000598087,-0.068989148,-5.064804080,-0.401153258,8.383002199
7.112177134,0.036590213,-0.001522128,-0.066042181,-5.013322950,0.370346835,8.425654432
7.122178793,0.041532459,0.001552924,-0.064807265,-4.884977714,-0.214531329,8.492371423
7.132180452,0.039507358,-0.000008393,-0.071761014,-5.075489571,-0.242706357,8.380834889
7.142181635,0.037502431,-0.000851913,-0.067887264,-4.950074509,0.315406984,8.463986694
7.152181625,0.040652488,0.001061791,-0.068112961,-4.899962536,-0.124944048,8.485648785
7.162183285,0.040652488,0.001061791,-0.068112961,-4.899962536,-0.124944048,8.485648785
7.172184944,0.040768858,0.001001625,-0.069861876,-4.935901549,-0.206688670,8.464046290
7.182187080,0.038017460,-0.000680124,-0.069172205,-4.993372780,0.141717912,8.436585157
7.192187071,0.040786846,0.000940388,-0.070283414,-4.952229987,-0.232511111,8.453491345
7.202188969,0.040786846,0.000940388,-0.070283414,-4.952229987,-0.232511111,8.453491345
7.212189198,0.040786846,0.000940388,-0.070283414,-4.952229987,-0.232511111,8.453491345
7.222190857,0.040786846,0.000940388,-0.070283414,-4.952229987,-0.232511111,8.453491345
7.232190847,0.041047030,0.001153126,-0.063360337,-4.928524645,-0.186230955,8.466430429
7.242192745,0.039058921,0.000067584,-0.060974292,-4.893077860,0.208613161,8.494902472
7.252192736,0.039058921,0.000067584,-0.060974292,-4.893077860,0.208613161,8.494902472
7.262198210,0.040820539,0.000995595,-0.064546918,-4.925663319,-0.118083278,8.469427802
7.272200823,0.040230729,0.000723476,-0.068795655,-4.960049857,-0.144609626,8.450029706
7.282202721,0.039305678,0.000052021,-0.071128322,-5.009683875,-0.096439890,8.421555513
7.292202950,0.039305678,0.000052021,-0.071128322,-5.009683875,-0.096439890,8.421555513
7.302202940,0.039026462,-0.000117441,-0.071166634,-5.008545003,-0.052398564,8.423328531
7.312205791,0.038871837,-0.000106720,-0.069259081,-4.968899999,0.064740638,8.449024763
7.322207212,0.038871837,-0.000106720,-0.069259081,-4.968899999,0.064740638,8.449024763
7.332207680,0.038871837,-0.000106720,-0.069259081,-4.968899999,0.064740638,8.449024763
7.342207909,0.038871837,-0.000106720,-0.069259081,-4.968899999,0.064740638,8.449024763
7.352208853,0.038980531,-0.000326472,-0.069229822,-5.005426968,0.007529602,8.430854351
7.362210035,0.038980531,-0.000326472,-0.069229822,-5.005426968,0.007529602,8.430854351
7.372210264,0.038980531,-0.000326472,-0.069229822,-5.005426968,0.007529602,8.430854351
7.382213354,0.038980531,-0.000326472,-0.069229822,-5.005426968,0.007529602,8.430854351
7.392215490,0.039262445,-0.000014999,-0.065510745,-4.988702070,-0.006423830,8.434762553
7.402216196,0.039198635,0.000072009,-0.065907728,-4.958481692,0.052700899,8.453067984
7.412216902,0.039336127,0.000132308,-0.067343610,-4.976812337,-0.014152405,8.441825592
7.422218800,0.039126311,0.000030137,-0.067535649,-4.965443734,0.043058146,8.450487856
7.432219982,0.039163943,0.000068386,-0.069300055,-4.965262552,0.019788575,8.449797723
7.442222118,0.039186930,0.000080180,-0.069488158,-4.962279122,0.006703396,8.448110049
7.452228069,0.039385935,0.000202318,-0.069671128,-4.966115551,-0.029772883,8.448539593
7.462228537,0.039254143,0.000084693,-0.070040046,-4.976558430,-0.029980218,8.442844051
7.472229719,0.039396164,0.000139592,-0.069786547,-4.967534748,-0.021847103,8.448900256
7.482231617,0.039378199,0.000099423,-0.069938257,-4.972613685,-0.038683807,8.445457713
7.492232561,0.039378199,0.000099423,-0.069938257,-4.972613685,-0.038683807,8.445457713
7.502232552,0.039574389,0.000123526,-0.067004127,-4.968891842,-0.015046086,8.446882839
7.512232542,0.039460178,0.000082380,-0.065511424,-4.961898362,0.034984854,8.450398587
7.522233009,0.039460178,0.000082380,-0.065511424,-4.961898362,0.034984854,8.450398587
7.532234430,0.039460178,0.000082380,-0.065511424,-4.961898362,0.034984854,8.450398587
7.542235613,0.039460178,0.000082380,-0.065511424,-4.961898362,0.034984854,8.450398587
7.552236080,0.039327054,0.000153277,-0.067862505,-4.970219290,0.000932684,8.446677945
7.562236547,0.039327054,0.000153277,-0.067862505,-4.970219290,0.000932684,8.446677945
7.572237015,0.039327054,0.000153277,-0.067862505,-4.970219290,0.000932684,8.446677945
7.582238674,0.039197342,0.000075284,-0.069555481,-4.971474859,-0.002136046,8.445978544
7.592238903,0.039197342,0.000075284,-0.069555481,-4.971474859,-0.002136046,8.445978544
7.602239609,0.039326598,0.000119109,-0.069864495,-4.972672706,-0.030001011,8.445670510
7.612240553,0.039343786,0.000083313,-0.069776780,-4.973288809,-0.028300481,8.445331331
7.622240782,0.039395242,0.000086522,-0.069490680,-4.971996520,-0.028822059,8.445826085
7.632241488,0.039437581,0.000076760,-0.069061793,-4.972444426,-0.026969132,8.445493648
7.642243385,0.039363872,-0.000037502,-0.066932142,-4.978424145,0.002844351,8.441445904
7.652245283,0.039306010,-0.000065366,-0.066565963,-4.973930220,0.026129603,8.444176065
7.662245750,0.039360317,0.000024795,-0.065270788,-4.973297656,0.021277085,8.444096311
7.672246695,0.039299088,0.000044956,-0.065472155,-4.970457528,0.035631396,8.446282572
7.682248831,0.039229410,0.000056845,-0.067002591,-4.975236452,0.014385593,8.442960157
7.692249298,0.039280505,0.000114780,-0.067429822,-4.968081389,0.020086130,8.447753325
7.702249765,0.039280505,0.000114780,-0.067429822,-4.968081389,0.020086130,8.447753325
7.712250948,0.039245651,0.000085251,-0.067999667,-4.974200443,0.006861719,8.444458323
7.722252369,0.039219548,0.000081857,-0.069501025,-4.971524258,-0.003783452,8.445911589
7.732253551,0.039293942,0.000118318,-0.069629772,-4.970949208,-0.023335895,8.445559385
7.742254972,0.039334873,0.000074518,-0.069740409,-4.973503490,-0.026220777,8.445290563
7.752255201,0.039378834,0.000071351,-0.069486056,-4.972959809,-0.026999549,8.445357064
7.762255430,0.039395988,0.000070550,-0.069344268,-4.972545728,-0.025216392,8.445547366
7.772258043,0.039395988,0.000070550,-0.069344268,-4.972545728,-0.025216392,8.445547366
7.782259941,0.039285484,-0.000100489,-0.068156478,-4.980525379,0.013480802,8.444055002
7.792260647,0.039285484,-0.000100489,-0.068156478,-4.980525379,0.013480802,8.444055002
7.802261353,0.039400172,0.000025174,-0.065513066,-4.970486689,0.027830137,8.445529897
7.812261820,0.039361323,0.000030082,-0.065294962,-4.971975439,0.029859095,8.445201447
7.822263718,0.039361323,0.000030082,-0.065294962,-4.971975439,0.029859095,8.445201447
7.832265139,0.039330210,0.000026402,-0.065380358,-4.972425997,0.032948395,8.445149459
7.842265129,0.039345209,0.000120864,-0.066427559,-4.968474377,0.015686962,8.445493234
7.852265835,0.039206861,0.000057343,-0.069232640,-4.972517290,0.006771169,8.445455321
7.862267733,0.039206875,0.000058483,-0.069340100,-4.972220181,0.005286522,8.445543453
7.872268438,0.039209445,0.000058055,-0.069493902,-4.972252952,-0.001150272,8.445483808
7.882268906,0.039214247,0.000057530,-0.069474915,-4.972347139,-0.003555596,8.445477074
7.892270088,0.039291006,0.000076304,-0.069716665,-4.972816381,-0.023112645,8.445287935
7.902270079,0.039309906,0.000064402,-0.069778599,-4.973283193,-0.023769991,8.445435429
7.912271023,0.039320973,0.000058352,-0.069769327,-4.973726575,-0.025297883,8.445180104
7.922271490,0.039320973,0.000058352,-0.069769327,-4.973726575,-0.025297883,8.445180104
7.932273865,0.039404904,-0.000024164,-0.067049397,-4.976025340,0.004791423,8.443692517
7.942274809,0.039429880,0.000001888,-0.066313794,-4.972555334,0.017465886,8.444622235
7.952275753,0.039391566,0.000008675,-0.065421722,-4.972425060,0.026918068,8.444607044
7.962277651,0.039391566,0.000008675,-0.065421722,-4.972425060,0.026918068,8.444607044
7.972278118,0.039310419,0.000009718,-0.065574884,-4.973172224,0.034904254,8.444773729
7.982279062,0.039251995,0.000009566,-0.066052255,-4.972864827,0.037221561,8.444887360
7.992280245,0.039251995,0.000009566,-0.066052255,-4.972864827,0.037221561,8.444887360
8.002280712,0.039251995,0.000009566,-0.066052255,-4.972864827,0.037221561,8.444887360
8.012280941,0.039185731,0.000015824,-0.069395706,-4.972872398,0.004605496,8.445162951
8.022280931,0.039185329,0.000015504,-0.069456266,-4.972827544,0.003193029,8.445163947
8.032281637,0.039258427,0.000019222,-0.069763200,-4.973545797,-0.021847482,8.445029520
8.042282581,0.039277955,0.000014423,-0.069799021,-4.973878329,-0.023838759,8.445022497
8.052282810,0.039355033,0.000002943,-0.069426715,-4.973836439,-0.025270809,8.444815178
8.062283993,0.039387212,-0.000000296,-0.069149710,-4.973874156,-0.024597922,8.444721346
8.072283983,0.039387212,-0.000000296,-0.069149710,-4.973874156,-0.024597922,8.444721346
8.082284927,0.039387212,-0.000000296,-0.069149710,-4.973874156,-0.024597922,8.444721346
8.092284918,0.039365090,-0.000028249,-0.065407517,-4.973070413,0.027618260,8.444380402
8.102286100,0.039357382,-0.000028418,-0.065360536,-4.973175161,0.028474860,8.444390220
8.112287998,0.039259684,-0.000036363,-0.065636389,-4.973608934,0.035520161,8.444550396
8.122289181,0.039259684,-0.000036363,-0.065636389,-4.973608934,0.035520161,8.444550396
8.132289410,0.039259684,-0.000036363,-0.065636389,-4.973608934,0.035520161,8.444550396
8.142530203,0.039106755,-0.000047093,-0.069255339,-4.973284938,0.007140586,8.445023188
8.152531147,0.039100348,-0.000047388,-0.069467161,-4.973033339,0.002773508,8.445055322
8.162533045,0.039101459,-0.000046908,-0.069507314,-4.973022020,-0.001635059,8.445071156
8.172533274,0.039103742,-0.000046717,-0.069488879,-4.973044000,-0.002941217,8.445074135
8.182533979,0.039213228,-0.000044017,-0.069733852,-4.973867945,-0.025330137,8.444940057
8.192536592,0.039229521,-0.000044304,-0.069654157,-4.973839706,-0.025593663,8.444918844
8.202540159,0.039229521,-0.000044304,-0.069654157,-4.973839706,-0.025593663,8.444918844
8.212542534,0.039339810,-0.000043063,-0.068775028,-4.973946977,-0.023338285,8.444650685
8.222544193,0.039339810,-0.000043063,-0.068775028,-4.973946977,-0.023338285,8.444650685
8.232544899,0.039339810,-0.000043063,-0.068775028,-4.973946977,-0.023338285,8.444650685
8.242546558,0.039339810,-0.000043063,-0.068775028,-4.973946977,-0.023338285,8.444650685
8.252549648,0.039277601,-0.000049616,-0.065327514,-4.973452950,0.029785159,8.444444442
8.262551069,0.039231572,-0.000052104,-0.065457024,-4.973646672,0.033371179,8.444532769
8.272553205,0.039159011,-0.000055483,-0.065969852,-4.973400529,0.036649332,8.444686194
8.282554865,0.039109877,-0.000050622,-0.067793480,-4.973027757,0.016656874,8.444961916
8.292554855,0.039109877,-0.000050622,-0.067793480,-4.973027757,0.016656874,8.444961916
8.302555323,0.039109877,-0.000050622,-0.067793480,-4.973027757,0.016656874,8.444961916
8.312558413,0.039109877,-0.000050622,-0.067793480,-4.973027757,0.016656874,8.444961916
8.322560072,0.039109877,-0.000050622,-0.067793480,-4.973027757,0.016656874,8.444961916
8.332562447,0.039193309,-0.000032315,-0.069797674,-4.973507780,-0.025082872,8.445091119
8.342564106,0.039275159,-0.000028748,-0.069432680,-4.973614660,-0.026158821,8.444904761
8.352565289,0.039284600,-0.000028328,-0.069366595,-4.973623118,-0.026048186,8.444882264
8.362567186,0.039295371,-0.000032791,-0.068441252,-4.975898891,-0.007290923,8.444585301
8.372569561,0.039351401,-0.000030609,-0.066803203,-4.974540388,0.012923225,8.444388418
8.382570028,0.039351401,-0.000030609,-0.066803203,-4.974540388,0.012923225,8.444388418
8.392572880,0.039347784,-0.000030973,-0.066169451,-4.973782107,0.019370275,8.444366985
8.402575254,0.039288870,-0.000036362,-0.065358208,-4.973584812,0.029468119,8.444476696
8.412575722,0.039288870,-0.000036362,-0.065358208,-4.973584812,0.029468119,8.444476696
8.422576189,0.039099865,-0.000048515,-0.068464861,-4.973951900,0.008601484,8.445139464
8.432579041,0.039092095,-0.000048634,-0.068865870,-4.974006711,0.007803654,8.445147399
8.442579508,0.039088819,-0.000048549,-0.069029391,-4.973937163,0.007489654,8.445148866
8.452580690,0.039089107,-0.000041340,-0.069652021,-4.972677031,-0.001093736,8.445189530
8.462581635,0.039093533,-0.000039864,-0.069630994,-4.972702151,-0.003089584,8.445196641
8.472582817,0.039163831,-0.000033479,-0.069715787,-4.972676586,-0.021765675,8.445213325
8.482583761,0.039216375,-0.000027672,-0.069748515,-4.973344476,-0.026796838,8.445109378
8.492583752,0.039216375,-0.000027672,-0.069748515,-4.973344476,-0.026796838,8.445109378
8.502583981,0.039367281,-0.000018493,-0.068705349,-4.973769577,-0.024173374,8.444715374
8.512585163,0.039367281,-0.000018493,-0.068705349,-4.973769577,-0.024173374,8.444715374
8.522587061,0.039340752,-0.000019247,-0.065783445,-4.973889218,0.022628644,8.444328972
8.532587528,0.039317596,-0.000024583,-0.065391602,-4.973694520,0.026926016,8.444387892
8.542587757,0.039317596,-0.000024583,-0.065391602,-4.973694520,0.026926016,8.444387892
8.552590847,0.039317596,-0.000024583,-0.065391602,-4.973694520,0.026926016,8.444387892
8.562591791,0.039156710,-0.000053055,-0.066734804,-4.971694138,0.020656888,8.445055835
8.572592735,0.039145775,-0.000051832,-0.066955746,-4.971948820,0.021507111,8.444979330
8.582592726,0.039070454,-0.000039500,-0.069339616,-4.972920649,0.004866587,8.445180645
8.592595816,0.039069966,-0.000036334,-0.069496137,-4.972820795,0.001244736,8.445199451
8.602596521,0.039069966,-0.000036334,-0.069496137,-4.972820795,0.001244736,8.445199451
8.612597704,0.039073127,-0.000033902,-0.069538395,-4.972781518,-0.001517023,8.445210197
8.622598171,0.039221371,-0.000015495,-0.069720578,-4.973224847,-0.027578874,8.445080780
8.632600307,0.039269801,-0.000011403,-0.069447792,-4.973382723,-0.027612409,8.444951705
8.642600298,0.039309614,-0.000009382,-0.069165255,-4.973500559,-0.026949246,8.444852246
8.652602196,0.039384667,-0.000007650,-0.068565439,-4.973767186,-0.023966829,8.444678691
8.662605286,0.039258369,0.000056765,-0.068498588,-4.968334732,-0.027880361,8.445933296
8.672606707,0.039348160,-0.000017184,-0.065574971,-4.974141307,0.023025687,8.444287095
8.682608128,0.039343838,-0.000019950,-0.065485828,-4.974021128,0.024515977,8.444322960
8.692609310,0.039332849,-0.000024922,-0.065368269,-4.973924861,0.026271675,8.444369495
8.702611446,0.039191313,-0.000075165,-0.067147271,-4.972661302,0.020371798,8.444877767
8.712613106,0.039191313,-0.000075165,-0.067147271,-4.972661302,0.020371798,8.444877767
8.722613573,0.039141714,-0.000065528,-0.069449184,-4.972800245,0.000939424,8.445200202
8.732613564,0.039141714,-0.000065528,-0.069449184,-4.972800245,0.000939424,8.445200202
8.742615223,0.039141714,-0.000065528,-0.069449184,-4.972800245,0.000939424,8.445200202
8.752616644,0.039145425,-0.000065453,-0.069482088,-4.972769150,-0.000471799,8.445210996
8.762618065,0.039304109,-0.000059183,-0.069685126,-4.972933554,-0.027228279,8.445170554
8.772618532,0.039350794,-0.000055970,-0.069417307,-4.973128970,-0.027229056,8.445054255
8.782620668,0.039350794,-0.000055970,-0.069417307,-4.973128970,-0.027229056,8.445054255
8.792621374,0.039350794,-0.000055970,-0.069417307,-4.973128970,-0.027229056,8.445054255
8.802622557,0.039410552,-0.000026788,-0.066781909,-4.975132225,0.014311513,8.444173517
8.812625170,0.039385122,-0.000062026,-0.065429183,-4.973879016,0.025523440,8.444502860
8.822625637,0.039318446,-0.000079251,-0.065466133,-4.973534215,0.031273889,8.444687946
8.832627058,0.039233792,-0.000116934,-0.066796261,-4.968292624,0.012646804,8.446728638
8.842627764,0.039229765,-0.000125189,-0.067146300,-4.971869215,0.023416952,8.444991784
8.852628469,0.039190892,-0.000117509,-0.068643291,-4.972225387,0.010145217,8.445412089
8.862629175,0.039180305,-0.000114521,-0.069171039,-4.972392411,0.005995487,8.445424153
8.872630119,0.039194947,-0.000108887,-0.069461096,-4.972157651,-0.005912907,8.445531576
8.882632017,0.039257275,-0.000151242,-0.069359758,-4.978774867,-0.006995307,8.444253363
8.892632484,0.039271583,-0.000108838,-0.069780646,-4.971561560,-0.024145054,8.445703709
8.902634144,0.039329487,-0.000097840,-0.069688622,-4.972242354,-0.027123934,8.445495371
8.912635088,0.039371635,-0.000090888,-0.069423283,-4.972459718,-0.027119451,8.445396218
8.922635555,0.039371635,-0.000090888,-0.069423283,-4.972459718,-0.027119451,8.445396218
8.932640314,0.039353785,0.000027370,-0.068573459,-4.955455557,-0.023836685,8.448439254
8.942640543,0.039353785,0.000027370,-0.068573459,-4.955455557,-0.023836685,8.448439254
8.952641487,0.039358578,-0.000084656,-0.065316047,-4.973296341,0.028310860,8.444848528
8.962642670,0.039358578,-0.000084656,-0.065316047,-4.973296341,0.028310860,8.444848528
8.972644091,0.039266401,-0.000105424,-0.065780983,-4.972839969,0.034737614,8.445131041
8.982644558,0.039204117,-0.000121229,-0.067040172,-4.967475076,0.017596171,8.447340552
8.992646694,0.039237916,-0.000159583,-0.067305909,-4.972734133,0.026469107,8.444677379
9.003002167,0.039186097,-0.000138475,-0.069311186,-4.971577877,0.004911026,8.445865138
9.013002396,0.039188661,-0.000137873,-0.069467330,-4.971533375,0.000979073,8.445904276
9.023003340,0.039191742,-0.000136086,-0.069510169,-4.971555334,-0.001377045,8.445869860
9.033003330,0.039277672,-0.000129243,-0.069844999,-4.969623363,-0.027154300,8.446790466
9.043004036,0.039318534,-0.000129163,-0.069810203,-4.971225541,-0.027534942,8.445975788
9.053004980,0.039398892,-0.000102689,-0.069274855,-4.971719104,-0.026706973,8.445786354
9.063005686,0.039429638,-0.000096671,-0.068983815,-4.971856548,-0.025317965,8.445684554
9.073008299,0.039429638,-0.000096671,-0.068983815,-4.971856548,-0.025317965,8.445684554
9.083011150,0.039458484,-0.000091287,-0.068687350,-4.971958186,-0.023322393,8.445616796
9.093012810,0.039432799,-0.000084010,-0.066015897,-4.976579997,0.019308280,8.443597998
9.103012800,0.039339418,-0.000097422,-0.065247859,-4.973124986,0.031147045,8.444916482
9.113016605,0.039339418,-0.000097422,-0.065247859,-4.973124986,0.031147045,8.444916482
9.123018503,0.039339418,-0.000097422,-0.065247859,-4.973124986,0.031147045,8.444916482
9.133019686,0.039339418,-0.000097422,-0.065247859,-4.973124986,0.031147045,8.444916482
9.143022776,0.039228650,-0.000175779,-0.068774366,-4.971532975,0.008878634,8.445736662
9.153023243,0.039184886,-0.000144508,-0.069041294,-4.969612062,0.006825124,8.446891411
9.163023949,0.039195562,-0.000146553,-0.069555632,-4.970296820,-0.001717812,8.446576749
9.173025608,0.039234735,-0.000132146,-0.069752891,-4.970554664,-0.012280483,8.445961807
9.183027267,0.039274575,-0.000118672,-0.069923660,-4.968889144,-0.022721598,8.447043037
9.193028927,0.039329868,-0.000117697,-0.069838756,-4.969311598,-0.027948560,8.447059178
9.203031063,0.039381185,-0.000116361,-0.069571499,-4.970309857,-0.028595240,8.446590236
9.213034391,0.039381185,-0.000116361,-0.069571499,-4.970309857,-0.028595240,8.446590236
9.223035812,0.039274264,0.000077142,-0.068364731,-4.962727268,0.002547117,8.449932629
9.233036041,0.039492005,-0.000097097,-0.067081831,-4.971985378,-0.010281857,8.446671315
9.243036985,0.039385718,-0.000057795,-0.065889517,-4.978161599,0.031118082,8.442539490
9.253038883,0.039336247,-0.000075533,-0.065205327,-4.969448950,0.023086823,8.447175755
9.263040781,0.039316890,-0.000095089,-0.065102206,-4.973488893,0.035590831,8.444627636
9.273042679,0.039218330,-0.000109494,-0.065926041,-4.970574921,0.036846698,8.446435024
9.283043146,0.039218330,-0.000109494,-0.065926041,-4.970574921,0.036846698,8.446435024
9.293045521,0.039218330,-0.000109494,-0.065926041,-4.970574921,0.036846698,8.446435024
9.303046703,0.039174476,-0.000138045,-0.069551396,-4.969269887,0.005256999,8.447085082
9.313047171,0.039174476,-0.000138045,-0.069551396,-4.969269887,0.005256999,8.447085082
9.323047638,0.039213935,-0.000151897,-0.069554621,-4.970702932,-0.003018029,8.446241676
9.333055019,0.039213935,-0.000151897,-0.069554621,-4.970702932,-0.003018029,8.446241676
9.343055487,0.039213935,-0.000151897,-0.069554621,-4.970702932,-0.003018029,8.446241676
9.353057146,0.039213935,-0.000151897,-0.069554621,-4.970702932,-0.003018029,8.446241676
9.363057613,0.039437141,-0.000096418,-0.069171722,-4.969495916,-0.025806302,8.446989183
9.373058558,0.039471658,-0.000097013,-0.068820681,-4.970771248,-0.021926030,8.446214164
9.383060217,0.039444446,-0.000056680,-0.066989478,-4.967253443,-0.009204247,8.449476687
9.393061399,0.039269538,0.000002410,-0.065233048,-4.968492695,0.032735600,8.447749604
9.403063536,0.039264139,-0.000040254,-0.065020668,-4.967725737,0.032323802,8.447956592
9.413065434,0.039336106,-0.000129266,-0.065091031,-4.971572897,0.025986104,8.445954945
9.423066854,0.039254241,-0.000121893,-0.065452766,-4.973105282,0.039266480,8.444939882
9.433068752,0.039254241,-0.000121893,-0.065452766,-4.973105282,0.039266480,8.444939882
9.443070889,0.039254241,-0.000121893,-0.065452766,-4.973105282,0.039266480,8.444939882
9.453071594,0.039203752,-0.000165089,-0.069361883,-4.971704225,0.009857191,8.445666639
9.463072538,0.039237709,-0.000185162,-0.069450863,-4.971121821,0.001746760,8.446135341
9.473073483,0.039220942,-0.000165245,-0.069612706,-4.970844094,-0.000510029,8.446179465
9.483073711,0.039220942,-0.000165245,-0.069612706,-4.970844094,-0.000510029,8.446179465
9.493074179,0.039220942,-0.000165245,-0.069612706,-4.970844094,-0.000510029,8.446179465
9.503075361,0.039306728,-0.000077429,-0.069941076,-4.968069451,-0.019513389,8.447623955
9.513077497,0.039444089,-0.000107577,-0.069354110,-4.970920648,-0.025241025,8.446127930
9.523077965,0.039444089,-0.000107577,-0.069354110,-4.970920648,-0.025241025,8.446127930
9.533079386,0.039444089,-0.000107577,-0.069354110,-4.970920648,-0.025241025,8.446127930
9.543079615,0.039444089,-0.000107577,-0.069354110,-4.970920648,-0.025241025,8.446127930
9.553081274,0.039250492,-0.000068371,-0.064593348,-4.973414301,0.043666020,8.444544359
9.563083172,0.039286707,-0.000103643,-0.065073690,-4.968049459,0.024504319,8.448036381
9.573083878,0.039276377,-0.000179039,-0.066716171,-4.967347488,0.014333874,8.447938904
9.583084583,0.039227461,-0.000149670,-0.066994910,-4.965664854,0.017959013,8.448614629
9.593086720,0.039227461,-0.000149670,-0.066994910,-4.965664854,0.017959013,8.448614629
9.603088140,0.039165166,-0.000128597,-0.068634248,-4.967372513,0.017811254,8.447743905
9.613089085,0.039208585,-0.000147908,-0.069722432,-4.969376687,-0.002515572,8.447001399
9.623090029,0.039208585,-0.000147908,-0.069722432,-4.969376687,-0.002515572,8.447001399
9.633092165,0.039208585,-0.000147908,-0.069722432,-4.969376687,-0.002515572,8.447001399
9.643094540,0.039366775,-0.000136689,-0.070088347,-4.970002432,-0.030073872,8.446588836
9.653094769,0.039295776,-0.000064654,-0.070119434,-4.966160939,-0.023030528,8.448771717
9.663096666,0.039295776,-0.000064654,-0.070119434,-4.966160939,-0.023030528,8.448771717
9.673096657,0.039295776,-0.000064654,-0.070119434,-4.966160939,-0.023030528,8.448771717
9.683097839,0.039452924,-0.000057162,-0.067051453,-4.973282360,-0.004797070,8.446163160
9.693099260,0.039452924,-0.000057162,-0.067051453,-4.973282360,-0.004797070,8.446163160
9.703099728,0.039452924,-0.000057162,-0.067051453,-4.973282360,-0.004797070,8.446163160
9.713101864,0.039216347,-0.000108790,-0.065200604,-4.972457285,0.038006966,8.445353450
9.723102570,0.039216347,-0.000108790,-0.065200604,-4.972457285,0.038006966,8.445353450
9.733103514,0.039249437,-0.000151738,-0.065567059,-4.977270649,0.031362832,8.446761246
9.743104458,0.039249437,-0.000151738,-0.065567059,-4.977270649,0.031362832,8.446761246
9.753106117,0.039249437,-0.000151738,-0.065567059,-4.977270649,0.031362832,8.446761246
9.763106346,0.039156180,-0.000099638,-0.069848973,-4.966612498,-0.003329087,8.448523437
9.773109198,0.039163963,-0.000074007,-0.070187951,-4.963897946,-0.011974777,8.449517504
9.783111095,0.039341417,-0.000114947,-0.070119372,-4.969881803,-0.029148123,8.446616175
9.793112516,0.039341417,-0.000114947,-0.070119372,-4.969881803,-0.029148123,8.446616175
9.803114653,0.039271210,-0.000047274,-0.070184042,-4.965496490,-0.023689708,8.449152511
9.813115835,0.039337934,0.000028650,-0.069230519,-4.955438446,-0.022622249,8.448511615
9.823116779,0.039223713,0.000093047,-0.068909546,-4.957720771,0.001771671,8.450359591
9.833119154,0.039273061,0.000009369,-0.065360223,-4.975910340,0.035873511,8.444115396
9.843121529,0.039316810,-0.000063062,-0.064202399,-4.969362189,0.016855098,8.447199300
9.853122234,0.039316810,-0.000063062,-0.064202399,-4.969362189,0.016855098,8.447199300
9.863122702,0.039143722,-0.000057251,-0.064966261,-4.971377563,0.045561854,8.445863756
9.873124123,0.039215956,-0.000128263,-0.066577790,-4.966142534,0.015222633,8.448933805
9.883126020,0.039156810,-0.000112589,-0.067189823,-4.968310408,0.027242630,8.446723013
9.893127918,0.039224769,-0.000150027,-0.067737463,-4.968677460,0.015368471,8.446652927
9.903128624,0.039118106,-0.000089730,-0.069743315,-4.968191002,0.005905268,8.447558344
9.913130999,0.039125014,-0.000079102,-0.069841087,-4.966451323,-0.002549750,8.448584592
9.923132420,0.039217046,-0.000097451,-0.070011127,-4.969366974,-0.013362069,8.446210477
9.933135271,0.039293050,-0.000116396,-0.070233472,-4.966588713,-0.033923114,8.448150191
9.943136215,0.039312581,-0.000091924,-0.070086864,-4.969138641,-0.030195758,8.447044802
9.953137636,0.039235557,-0.000028520,-0.070100775,-4.965731802,-0.021838320,8.448977378
9.963138819,0.039351162,-0.000067652,-0.069818407,-4.968640420,-0.031355088,8.447439236
9.973140478,0.039354470,0.000000062,-0.066913937,-4.969919335,-0.006835153,8.448494947
9.983141184,0.039190721,0.000037856,-0.064835418,-4.965879958,0.024964982,8.449358714
9.993142366,0.039290762,-0.000046748,-0.064264123,-4.971582656,0.021612083,8.445827452
10.003142595,0.039139313,0.000015919,-0.064454864,-4.966575364,0.036398213,8.448549811
10.013142824,0.039152220,-0.000080648,-0.065426067,-4.974252656,0.040987601,8.445487300
10.023144007,0.039142888,-0.000089795,-0.066935501,-4.965901839,0.017876190,8.448856537
10.033143997,0.039104766,-0.000083461,-0.069304683,-4.966693379,0.006235556,8.448581559
10.043144941,0.039115716,-0.000092617,-0.069421843,-4.968660958,0.010950013,8.447387468
10.053145409,0.039108225,-0.000070061,-0.069778947,-4.966568175,-0.003977425,8.448528692
10.063147068,0.039091383,-0.000067112,-0.069614804,-4.968922412,0.002942567,8.447490053
10.073147297,0.039255277,-0.000099696,-0.070041238,-4.967724024,-0.028643126,8.447293665
10.083148241,0.039255277,-0.000099696,-0.070041238,-4.967724024,-0.028643126,8.447293665
10.093148232,0.039255277,-0.000099696,-0.070041238,-4.967724024,-0.028643126,8.447293665
10.103149652,0.039255277,-0.000099696,-0.070041238,-4.967724024,-0.028643126,8.447293665
10.113151073,0.039174505,0.000071156,-0.067303318,-4.970099726,0.031588240,8.445432136
10.123152256,0.039109321,0.000092454,-0.066074144,-4.969958043,0.033947254,8.448069561
10.133154392,0.039207995,-0.000008590,-0.064799706,-4.967104835,0.019400349,8.448406954
10.143155813,0.039106723,0.000020471,-0.064740325,-4.968194047,0.041857183,8.447564270
10.153156281,0.039110166,-0.000058287,-0.065692455,-4.971441668,0.038094013,8.446615305
10.163157463,0.039164592,-0.000091406,-0.065810689,-4.976434902,0.039712965,8.446736282
10.173157454,0.039176091,-0.000110168,-0.067876338,-4.967611348,0.010922654,8.447135632
10.183157682,0.039069185,-0.000062861,-0.068521553,-4.965558602,0.017988908,8.448623923
10.193160772,0.039079225,-0.000065324,-0.069614602,-4.966589112,0.001631175,8.448571190
10.203161240,0.039103918,-0.000069601,-0.069660708,-4.967348742,-0.004747643,8.448099745
10.213162661,0.039074135,-0.000052132,-0.069613960,-4.967430764,-0.000269654,8.447965112
10.223162651,0.039141573,-0.000028154,-0.069961534,-4.965477874,-0.018834753,8.448631741
10.233163357,0.039208293,-0.000022233,-0.069664960,-4.968343150,-0.019053123,8.447424739
10.243165016,0.039236714,-0.000008190,-0.069420226,-4.967270853,-0.022421386,8.448048216
10.253165245,0.039273391,-0.000016179,-0.069209310,-4.968441849,-0.021168706,8.447360273
10.263165474,0.039273391,-0.000016179,-0.069209310,-4.968441849,-0.021168706,8.447360273
10.273165464,0.039273391,-0.000016179,-0.069209310,-4.968441849,-0.021168706,8.447360273
10.283166170,0.039168771,-0.000019667,-0.065014903,-4.971070520,0.034560337,8.446076477
10.293167830,0.039095843,-0.000018047,-0.065401024,-4.970032682,0.042357430,8.446695174
10.303169489,0.039138668,-0.000075218,-0.067071339,-4.964929064,0.009765571,8.449761657
10.313169479,0.039131387,-0.000087092,-0.067418274,-4.969030008,0.028011185,8.446078811
10.323171854,0.039131387,-0.000087092,-0.067418274,-4.969030008,0.028011185,8.446078811
10.333173752,0.039090114,-0.000073483,-0.068525164,-4.968198956,0.022632126,8.447159063
10.343175173,0.039090114,-0.000073483,-0.068525164,-4.968198956,0.022632126,8.447159063
10.353175640,0.039139154,-0.000056576,-0.069742306,-4.967085082,-0.011848455,8.447467388
10.363177538,0.039143018,-0.000032679,-0.069883375,-4.966192084,-0.018787768,8.448161734
10.373178244,0.039201590,-0.000023878,-0.069614869,-4.968163989,-0.022021331,8.447553369
10.383178711,0.039201590,-0.000023878,-0.069614869,-4.968163989,-0.022021331,8.447553369
10.393179655,0.039201590,-0.000023878,-0.069614869,-4.968163989,-0.022021331,8.447553369
10.403180838,0.038976040,0.000127734,-0.068089155,-4.962979612,0.025156108,8.447990334
10.413182497,0.038976040,0.000127734,-0.068089155,-4.962979612,0.025156108,8.447990334
10.423184395,0.039147442,-0.000004239,-0.065218069,-4.970291520,0.034518770,8.446472445
10.433186293,0.039104531,-0.000007357,-0.065441792,-4.969121251,0.035964211,8.447248947
10.443186283,0.039104531,-0.000007357,-0.065441792,-4.969121251,0.035964211,8.447248947
10.453188419,0.039102013,-0.000071059,-0.068423185,-4.968469645,0.017798346,8.447032446
10.463190079,0.039115661,-0.000074834,-0.068592579,-4.968217692,0.009998814,8.447417932
10.473191977,0.039115661,-0.000074834,-0.068592579,-4.968217692,0.009998814,8.447417932
10.483193398,0.039070883,-0.000061123,-0.069023521,-4.968479233,0.013110452,8.447506236
10.493194103,0.039163273,-0.000059760,-0.069674673,-4.967410125,-0.014873357,8.447272702
10.503194571,0.039173669,-0.000052289,-0.069828965,-4.965592349,-0.028090858,8.448301293
10.513195753,0.039187364,-0.000037114,-0.069767508,-4.967376270,-0.026556321,8.447833617
10.523197412,0.039210934,-0.000021685,-0.069524096,-4.967840337,-0.026979091,8.447781126
10.533199310,0.039242330,-0.000010144,-0.069141012,-4.968019785,-0.025732391,8.447625799
10.543199301,0.039242330,-0.000010144,-0.069141012,-4.968019785,-0.025732391,8.447625799
10.553199291,0.039242330,-0.000010144,-0.069141012,-4.968019785,-0.025732391,8.447625799
10.563199759,0.039118889,-0.000007256,-0.065461257,-4.969472776,0.032923801,8.447050494
10.573201180,0.039118889,-0.000007256,-0.065461257,-4.969472776,0.032923801,8.447050494
10.583202362,0.039100803,-0.000019019,-0.065664983,-4.969420495,0.034269955,8.447140449
10.593202591,0.039085621,-0.000058445,-0.068059122,-4.965596768,0.013680198,8.448101038
10.603202820,0.039102310,-0.000064411,-0.068480453,-4.967577779,0.010971305,8.447660756
10.613204479,0.039066132,-0.000049386,-0.069459718,-4.967785187,0.000424113,8.447822160
10.623204470,0.039197438,-0.000077942,-0.069251406,-4.973268074,0.012728936,8.445473558
10.633204699,0.039215874,-0.000080956,-0.069366441,-4.973251099,-0.017916448,8.447835464
10.643206358,0.039185054,-0.000023915,-0.069642393,-4.967911335,-0.025647152,8.447710465
10.653206348,0.039211045,-0.000014958,-0.069384609,-4.968061625,-0.026280411,8.447616829
10.663209915,0.039216446,-0.000013302,-0.069324411,-4.968065738,-0.026379083,8.447606628
10.673210382,0.039170844,0.000035379,-0.067596971,-4.969373069,0.008568453,8.445122260
10.683212280,0.039146770,0.000024078,-0.066164919,-4.971608465,0.015411036,8.447101999
10.693213224,0.039151176,0.000007644,-0.065617454,-4.969593859,0.022875994,8.446975523
10.703216076,0.039147688,0.000002127,-0.065509066,-4.969563779,0.026164491,8.446896941
10.713217258,0.039147688,0.000002127,-0.065509066,-4.969563779,0.026164491,8.446896941
10.723217487,0.039147018,-0.000067167,-0.066963909,-4.968636158,0.028107786,8.447088189
10.733218670,0.039082333,-0.000055139,-0.068608990,-4.967866028,0.011812495,8.447690695
10.743220568,0.039080461,-0.000054890,-0.068723945,-4.968077544,0.010911471,8.447681439
10.753220558,0.039063880,-0.000040934,-0.069477350,-4.967780073,-0.004175362,8.447822980
10.763226032,0.039064726,-0.000039864,-0.069469364,-4.967777581,-0.004933636,8.447823426
10.775120735,0.039130791,-0.000048266,-0.069601910,-4.968013200,-0.019486185,8.448377679
10.785122633,0.039212013,-0.000015081,-0.069415498,-4.968089189,-0.027010837,8.447596532
10.795124054,0.039250026,-0.000008624,-0.069028987,-4.968342640,-0.025936085,8.447447374
10.805124283,0.039275458,-0.000005600,-0.068747927,-4.968557597,-0.024223507,8.447345962
10.815125704,0.039040479,0.000048940,-0.068343072,-4.956695680,-0.017690489,8.448689196
10.825126886,0.039194922,0.000003285,-0.066025524,-4.971117090,0.018006097,8.446891759
10.835127592,0.039191609,-0.000008682,-0.065554244,-4.969514366,0.023712293,8.446966528
10.845129013,0.039169959,-0.000021623,-0.065453802,-4.969546411,0.029975408,8.447059287
10.855131149,0.039112357,-0.000040829,-0.066039201,-4.969160138,0.034655898,8.447293024
10.865131855,0.039188350,-0.000067870,-0.066938838,-4.967855778,0.019876426,8.447455140
10.875134706,0.039119041,-0.000057184,-0.068309327,-4.967428607,0.012441208,8.447706088
10.885134697,0.039098429,-0.000052354,-0.069222485,-4.967963245,0.004156953,8.447804810
10.895136356,0.039097640,-0.000050966,-0.069329700,-4.967875011,0.002224163,8.447820823
10.905138254,0.039097676,-0.000050228,-0.069371877,-4.967841728,0.001285384,8.447827574
10.915138721,0.039186227,-0.000044487,-0.069743960,-4.965995032,-0.022562503,8.447930259
10.925139427,0.039208570,-0.000035289,-0.069811359,-4.967194209,-0.024988446,8.447825343
10.935151100,0.039208570,-0.000035289,-0.069811359,-4.967194209,-0.024988446,8.447825343
10.945152283,0.039208570,-0.000035289,-0.069811359,-4.967194209,-0.024988446,8.447825343
10.955155373,0.039324079,-0.000004497,-0.068202508,-4.957279284,0.013723515,8.444834486
10.965155363,0.039324079,-0.000004497,-0.068202508,-4.957279284,0.013723515,8.444834486
10.975156784,0.039320743,-0.000002186,-0.068013034,-4.965310915,-0.007001907,8.447087561
10.985158443,0.039320743,-0.000002186,-0.068013034,-4.965310915,-0.007001907,8.447087561
10.995159864,0.039323037,-0.000051317,-0.065542823,-4.969219172,0.032298046,8.447290514
11.005161285,0.039279207,-0.000070866,-0.066931974,-4.967105141,0.018474272,8.447714261
11.015162706,0.039243171,-0.000066297,-0.067772007,-4.966263019,0.014603193,8.447769612
11.025164366,0.039217260,-0.000062744,-0.068656766,-4.967907001,0.010377365,8.447860217
11.035165548,0.039219389,-0.000052835,-0.069439087,-4.967559473,-0.003421176,8.447972972
11.045167446,0.039224417,-0.000051278,-0.069430705,-4.967549620,-0.004932462,8.447974963
11.055169106,0.039227289,-0.000050506,-0.069419546,-4.967548931,-0.005653609,8.447974681
11.065170288,0.039338984,-0.000037583,-0.069684716,-4.967606630,-0.025348011,8.447873198
11.075170279,0.039395537,-0.000032952,-0.069414665,-4.967787262,-0.026609793,8.447772368
11.085171461,0.039468696,-0.000028326,-0.068896678,-4.968151100,-0.025135919,8.447582428
11.095171690,0.039495270,-0.000016796,-0.067454544,-4.971427106,0.006565398,8.447274828
11.105171680,0.039493098,-0.000027206,-0.066309701,-4.971299086,0.015886318,8.447255214
11.115173340,0.039460626,-0.000032713,-0.065703331,-4.969134851,0.021430610,8.447267145
11.125174999,0.039432423,-0.000035500,-0.065535413,-4.969088441,0.025193426,8.447297644
11.135174990,0.039280594,-0.000047741,-0.065901593,-4.968783564,0.035027317,8.447536988
11.145175934,0.039255326,-0.000049214,-0.066064022,-4.968721860,0.035365452,8.447567560
11.155178785,0.039255326,-0.000049214,-0.066064022,-4.968721860,0.035365452,8.447567560
11.165179729,0.039149041,-0.000045195,-0.069347693,-4.967515576,0.001710764,8.448019801
11.175179958,0.039149041,-0.000045195,-0.069347693,-4.967515576,0.001710764,8.448019801
11.185181379,0.039160558,-0.000040029,-0.069419556,-4.967466955,-0.004030462,8.448032451
11.195184231,0.039184498,-0.000040997,-0.069493474,-4.969426418,-0.012667969,8.448101590
11.205340624,0.039288027,-0.000026845,-0.069654993,-4.967613523,-0.024849144,8.447894845
11.215341806,0.039347333,-0.000022645,-0.069364815,-4.967755004,-0.025864965,8.447786893
11.225343466,0.039414449,-0.000019132,-0.068907514,-4.968083091,-0.024579716,8.447629001
11.235345125,0.039432467,-0.000018456,-0.068766568,-4.968214579,-0.023481021,8.447566275
11.245345592,0.039451126,-0.000015435,-0.066724945,-4.972912536,0.015002277,8.447309459
11.255346537,0.039438206,-0.000021027,-0.066022131,-4.969623203,0.018885496,8.447264470
11.265346766,0.039417978,-0.000023985,-0.065717511,-4.969068047,0.022331934,8.447276826
11.275346756,0.039417978,-0.000023985,-0.065717511,-4.969068047,0.022331934,8.447276826
11.285348177,0.039191651,-0.000049802,-0.067186094,-4.965364023,0.018338940,8.447753559
11.295350075,0.039150474,-0.000046390,-0.068433306,-4.967832992,0.013691624,8.447911361
11.305350780,0.039150474,-0.000046390,-0.068433306,-4.967832992,0.013691624,8.447911361
11.315352440,0.039150474,-0.000046390,-0.068433306,-4.967832992,0.013691624,8.447911361
11.325353384,0.039151810,-0.000034703,-0.069434771,-4.967478953,-0.003495033,8.448028438
11.335353613,0.039151810,-0.000034703,-0.069434771,-4.967478953,-0.003495033,8.448028438
11.345353842,0.039294689,-0.000020870,-0.069630633,-4.967639333,-0.024670490,8.447865270
11.950190306,0.039376073,-0.000015504,-0.069190631,-4.967949334,-0.025030514,8.447690533
