0.000008821,0.000000000,0.000000000,0.000000000,0.000000000,0.000000000,0.000000000
0.010009527,0.000000000,0.000000000,0.000000000,0.000000000,0.000000000,0.000000000
0.020010233,0.000000000,0.000000000,0.000000000,0.000000000,0.000000000,0.000000000
0.030011415,-0.039213417,0.000158097,0.067837644,-4.962522723,-0.014047176,8.449015014
0.040012836,-0.039365556,0.000031942,0.066906991,-4.974377922,-0.023785358,8.442992270
0.050013065,-0.039365556,0.000031942,0.066906991,-4.974377922,-0.023785358,8.442992270
0.060014725,-0.039181166,0.000050830,0.065117705,-4.966858149,-0.040515677,8.448472073
0.070015669,-0.039130131,0.000019979,0.065236842,-4.968501796,-0.046875208,8.447613198
0.080015659,-0.039213086,-0.000086431,0.066044769,-4.967431398,-0.017488021,8.449192697
0.090017557,-0.039213086,-0.000086431,0.066044769,-4.967431398,-0.017488021,8.449192697
0.100018263,-0.039213086,-0.000086431,0.066044769,-4.967431398,-0.017488021,8.449192697
0.110018253,-0.039213086,-0.000086431,0.066044769,-4.967431398,-0.017488021,8.449192697
0.120020151,-0.039154222,-0.000069709,0.070298694,-4.973182137,-0.005920542,8.444501611
0.130021572,-0.039150149,-0.000025551,0.070780745,-4.966322701,0.007003955,8.448158628
0.140022278,-0.039150149,-0.000025551,0.070780745,-4.966322701,0.007003955,8.448158628
0.150023937,-0.039292792,0.000032716,0.069355083,-4.966756544,0.017673378,8.448107244
0.160023928,-0.039292792,0.000032716,0.069355083,-4.966756544,0.017673378,8.448107244
0.170025349,-0.039292792,0.000032716,0.069355083,-4.966756544,0.017673378,8.448107244
0.180027008,-0.039403835,-0.000033775,0.068931765,-4.972075983,0.017220261,8.444977760
0.190026999,-0.039369061,0.000026915,0.068795658,-4.965551168,0.030734146,8.449083510
0.200027704,-0.039325467,-0.000077373,0.064932397,-4.972020512,-0.021117042,8.445954608
0.210029364,-0.039296531,-0.000060066,0.065101730,-4.967916948,-0.017244203,8.448480781
0.220029593,-0.039209279,-0.000012999,0.065186199,-4.965083853,-0.025407728,8.450034673
0.230029821,-0.039101973,-0.000022909,0.065877787,-4.964522789,-0.027310045,8.450157189
0.240031004,-0.039101973,-0.000022909,0.065877787,-4.964522789,-0.027310045,8.450157189
0.250032902,-0.039332632,-0.000175720,0.070300768,-4.971504090,0.025987603,8.446070903
0.260033369,-0.039361637,-0.000143508,0.071801250,-4.961526961,0.054154843,8.452545404
0.270035505,-0.039142648,0.000037966,0.071800662,-4.956498545,0.025399401,8.453627308
0.280035734,-0.039048551,0.000081942,0.071386618,-4.963002547,-0.003282163,8.449371761
0.290035725,-0.039048551,0.000081942,0.071386618,-4.963002547,-0.003282163,8.449371761
0.300037146,-0.039169750,0.000099678,0.069312759,-4.968213112,-0.002999834,8.446870418
0.310038805,-0.039349997,0.000048185,0.069080154,-4.960495742,0.036340078,8.452124839
0.320039034,-0.039279594,0.000089081,0.066735235,-4.971457846,-0.012283779,8.446249643
0.330040693,-0.039252092,0.000020627,0.064834597,-4.970483909,-0.028417928,8.446571136
0.340041399,-0.039257185,0.000006700,0.064866674,-4.969232417,-0.024819955,8.447344970
0.350043058,-0.039193709,-0.000068953,0.064935248,-4.981215059,-0.038050855,8.446935428
0.360047102,-0.039279771,-0.000132673,0.066562383,-4.966709562,0.008056465,8.447991352
0.370047569,-0.038989230,0.000014155,0.066992982,-4.964509901,-0.029654456,8.448850419
0.380047560,-0.038962549,0.000018393,0.068250418,-4.967557827,-0.028565434,8.447692244
0.390048981,-0.039300927,-0.000137761,0.070664398,-4.971789634,0.022405949,8.445760645
0.400051117,-0.038955417,0.000042798,0.071018779,-4.967046617,-0.021899815,8.447533266
0.410051346,-0.039153812,-0.000033697,0.071361684,-4.974573978,-0.005705235,8.442459761
0.420053005,-0.039178213,0.000062443,0.071004550,-4.959110605,0.031818291,8.452745833
0.430054903,-0.039079682,0.000106690,0.070574353,-4.963676221,0.003757828,8.449631442
0.440056562,-0.039346992,0.000047192,0.069061342,-4.961861448,0.040905465,8.451355733
0.450057268,-0.039240324,0.000110905,0.068593590,-4.962567448,0.015869115,8.450827397
0.460057259,-0.039246103,0.000063195,0.065302676,-4.970670446,-0.018473389,8.447473264
0.470057964,-0.039228411,0.000046224,0.064982182,-4.970122227,-0.024953050,8.446921986
0.480059862,-0.039179673,0.000038938,0.064934729,-4.969076773,-0.031142917,8.447356440
0.490061045,-0.039131132,-0.000000558,0.065229238,-4.969466537,-0.033118085,8.447383316
0.500062943,-0.039144757,-0.000060369,0.066474017,-4.970325803,-0.021432659,8.445391221
0.510065794,-0.039007056,0.000005472,0.067576297,-4.965813145,-0.024291408,8.448198377
0.520066023,-0.039007056,0.000005472,0.067576297,-4.965813145,-0.024291408,8.448198377
0.530066967,-0.039041042,-0.000001429,0.070117113,-4.963962874,0.001777361,8.450156446
0.540067196,-0.039022049,0.000010405,0.070570044,-4.969955053,-0.014894563,8.445815178
0.550071001,-0.039080136,0.000012848,0.070796630,-4.968828730,0.000001858,8.446027727
0.560072184,-0.039271253,-0.000028508,0.070313921,-4.972550474,0.025858600,8.444480184
0.570073605,-0.039271253,-0.000028508,0.070313921,-4.972550474,0.025858600,8.444480184
0.580074072,-0.039150278,0.000060257,0.069894925,-4.968977621,0.010307348,8.446622119
0.590074778,-0.039232548,0.000057568,0.069058427,-4.970497463,0.013112855,8.445770665
0.600075483,-0.039167238,0.000103733,0.065644351,-4.975256163,-0.032149331,8.445306298
0.610075474,-0.039167238,0.000103733,0.065644351,-4.975256163,-0.032149331,8.445306298
0.620076418,-0.039200918,0.000009501,0.065232971,-4.970683017,-0.022593987,8.446705838
0.630077600,-0.039146493,-0.000018573,0.065558979,-4.972648441,-0.036795475,8.444900438
0.640078783,-0.039142075,-0.000031028,0.066469330,-4.970455120,-0.011381704,8.448520376
0.650079966,-0.039057352,-0.000012284,0.068181566,-4.967602197,-0.015167359,8.447323435
0.660081625,-0.039057352,-0.000012284,0.068181566,-4.967602197,-0.015167359,8.447323435
0.670082092,-0.039083923,-0.000015823,0.069964409,-4.968944269,0.003200543,8.447122628
0.680084229,-0.039066916,0.000000380,0.070138524,-4.966858660,0.008343441,8.448326066
0.690085173,-0.039151784,-0.000037275,0.069940547,-4.976955762,0.010805960,8.447490170
0.700085402,-0.039151784,-0.000037275,0.069940547,-4.976955762,0.010805960,8.447490170
0.710087538,-0.039175458,0.000003706,0.070368998,-4.964841726,0.035637204,8.448584539
0.720087767,-0.039211814,0.000057522,0.069387206,-4.967325060,0.030955212,8.447875662
0.730089188,-0.039276757,0.000042071,0.069042525,-4.969546658,0.029561155,8.446551337
0.740093946,-0.039276757,0.000042071,0.069042525,-4.969546658,0.029561155,8.446551337
0.750094652,-0.039230422,0.000043455,0.065310943,-4.971298637,-0.015187123,8.446263594
0.760096312,-0.039159121,0.000037292,0.065478073,-4.969040345,-0.019340040,8.447689019
0.770100832,-0.039059790,0.000064760,0.065602514,-4.967744232,-0.033023549,8.448320931
0.780102968,-0.039147414,-0.000022732,0.066919063,-4.967406684,-0.000905849,8.449382851
0.790103912,-0.039038504,0.000008397,0.068307700,-4.964090945,-0.007269418,8.449155401
0.800105095,-0.039038962,0.000000812,0.068432360,-4.968551392,-0.018704209,8.446768303
0.810106754,-0.039030977,0.000009597,0.069611674,-4.968576006,-0.002612213,8.447304031
0.820107698,-0.039104763,0.000006621,0.069936979,-4.967090117,0.025555420,8.448527412
0.830107689,-0.039104763,0.000006621,0.069936979,-4.967090117,0.025555420,8.448527412
0.840109110,-0.039173000,0.000031701,0.069851467,-4.967455659,0.033772193,8.447613652
0.850111723,-0.039173000,0.000031701,0.069851467,-4.967455659,0.033772193,8.447613652
0.860113144,-0.039240471,0.000057897,0.069048932,-4.968617944,0.031463720,8.447089645
0.870115280,-0.038983372,0.000186825,0.068188601,-4.959285050,-0.010829148,8.448232560
0.880118132,-0.039066955,0.000152579,0.067618021,-4.964346231,-0.027406163,8.444493079
0.890118122,-0.039177588,0.000067643,0.065478947,-4.970067096,-0.015123806,8.447009614
0.900120258,-0.039085050,0.000050516,0.065633136,-4.969746109,-0.032151254,8.447170134
0.910125256,-0.039144242,-0.000013288,0.066834638,-4.971526474,0.000398661,8.449289151
0.920128345,-0.039080455,-0.000001308,0.068064106,-4.965015317,-0.002487587,8.448407618
0.930130005,-0.039081090,-0.000005750,0.068565424,-4.968261830,-0.005734730,8.447189654
0.940131187,-0.039029145,0.000011705,0.068977372,-4.967628625,-0.005613454,8.447945055
0.950132608,-0.039029145,0.000011705,0.068977372,-4.967628625,-0.005613454,8.447945055
0.960133314,-0.039123168,0.000002332,0.069694416,-4.969880984,0.032884822,8.448576821
0.970134258,-0.039090342,0.000015615,0.069758418,-4.967367514,0.025958951,8.448232541
0.980134487,-0.039090342,0.000015615,0.069758418,-4.967367514,0.025958951,8.448232541
0.990134716,-0.039182828,0.000053497,0.069419973,-4.968475417,0.031714597,8.447167534
1.000135899,-0.039246793,0.000067558,0.068718579,-4.968950530,0.029324643,8.446900033
1.010136843,-0.039246793,0.000067558,0.068718579,-4.968950530,0.029324643,8.446900033
1.020137310,-0.039125073,0.000098696,0.065910083,-4.971132078,-0.013600522,8.447458193
1.030138016,-0.039120816,0.000068405,0.065440281,-4.969752674,-0.023691534,8.447025048
1.040141344,-0.039088816,0.000056381,0.065574368,-4.969685664,-0.027799333,8.447236015
1.050142765,-0.039075574,0.000051557,0.065694589,-4.969560815,-0.027757365,8.447349545
1.060143232,-0.039073528,0.000004261,0.067878476,-4.965662883,-0.005363992,8.447887177
1.070143938,-0.039039686,0.000011567,0.068745657,-4.967710341,-0.004361496,8.447743102
1.080144882,-0.039027250,0.000017230,0.069383214,-4.968279822,0.004150413,8.447603198
1.090146303,-0.039024342,0.000019810,0.069442383,-4.968191831,0.005695796,8.447593656
1.100148201,-0.039026414,0.000026704,0.069468074,-4.968154229,0.010659195,8.447534389
1.110150337,-0.039027729,0.000027828,0.069454334,-4.968166329,0.011404199,8.447520611
1.120151043,-0.039027729,0.000027828,0.069454334,-4.968166329,0.011404199,8.447520611
1.130152702,-0.039125558,0.000037235,0.069777228,-4.967498206,0.031655304,8.447245618
1.140154839,-0.039209689,0.000063493,0.068989966,-4.968888246,0.031857389,8.446899493
1.150157213,-0.039233710,0.000067896,0.068701725,-4.969082183,0.030125321,8.446821687
1.160157919,-0.039134101,0.000090029,0.065970218,-4.972270020,-0.012400755,8.447055550
1.172267675,-0.039134101,0.000090029,0.065970218,-4.972270020,-0.012400755,8.447055550
1.182268858,-0.039044371,0.000039433,0.065914797,-4.969368761,-0.028592012,8.447482994
1.192270517,-0.039168182,-0.000004033,0.066173657,-4.982781764,-0.005456363,8.449718086
1.202271223,-0.039083178,0.000005971,0.066932191,-4.969540295,-0.016483211,8.447347276
1.212272167,-0.039023852,0.000015782,0.069010669,-4.968427762,-0.000987472,8.447619065
1.222272396,-0.039021514,0.000016474,0.069097373,-4.968452944,-0.000038967,8.447612822
1.232274055,-0.039014573,0.000026584,0.069521044,-4.968187091,0.010141331,8.447540011
1.242274046,-0.039014573,0.000026584,0.069521044,-4.968187091,0.010141331,8.447540011
1.252274513,-0.039014573,0.000026584,0.069521044,-4.968187091,0.010141331,8.447540011
1.262277126,-0.039178617,0.000053937,0.069336138,-4.968732390,0.033816134,8.446988307
1.272278070,-0.039178617,0.000053937,0.069336138,-4.968732390,0.033816134,8.446988307
1.282278538,-0.039200078,0.000057129,0.069130908,-4.968830519,0.033364845,8.446922905
1.292280197,-0.038808019,0.000145075,0.068859119,-4.963299722,0.068392215,8.452741381
1.302283049,-0.038808019,0.000145075,0.068859119,-4.963299722,0.068392215,8.452741381
1.312283993,-0.038808019,0.000145075,0.068859119,-4.963299722,0.068392215,8.452741381
1.322286129,-0.039125812,0.000036664,0.065467513,-4.969491458,-0.025891893,8.447419141
1.332289934,-0.039097793,0.000028815,0.065700478,-4.969305520,-0.027483192,8.447534226
1.342290401,-0.039113327,0.000000908,0.066768955,-4.968986433,-0.011761222,8.447566314
1.352291584,-0.039092970,0.000002880,0.067213266,-4.967009340,-0.009612813,8.447620694
1.362292767,-0.039059845,0.000008274,0.068874261,-4.968309404,-0.001379018,8.447673119
1.372292757,-0.039056829,0.000014860,0.069608438,-4.968121229,0.008179997,8.447619511
1.382292747,-0.039056829,0.000014860,0.069608438,-4.968121229,0.008179997,8.447619511
1.392294407,-0.039062791,0.000017215,0.069657874,-4.968103179,0.010671346,8.447595386
1.402294636,-0.039158394,0.000023573,0.069955265,-4.966727515,0.030941655,8.447291165
1.412296057,-0.039158394,0.000023573,0.069955265,-4.966727515,0.030941655,8.447291165
1.422299385,-0.039357753,0.000039437,0.068853823,-4.968874709,0.032343918,8.446919429
1.432300568,-0.039368416,0.000039637,0.068776791,-4.968919196,0.031886217,8.446904137
1.442301273,-0.039405969,0.000044824,0.066442760,-4.973697294,-0.006889904,8.447233358
1.452301979,-0.039393880,0.000027124,0.065494898,-4.969457146,-0.016411941,8.447306884
1.462303638,-0.039393880,0.000027124,0.065494898,-4.969457146,-0.016411941,8.447306884
1.472305536,-0.039393880,0.000027124,0.065494898,-4.969457146,-0.016411941,8.447306884
1.482306480,-0.039393880,0.000027124,0.065494898,-4.969457146,-0.016411941,8.447306884
1.492307425,-0.039264036,-0.000012781,0.066846343,-4.970489910,-0.012600351,8.447857606
1.502308130,-0.039233124,-0.000005297,0.069244618,-4.967977424,0.001340367,8.447846468
1.512310266,-0.039253194,0.000002125,0.069668011,-4.967770948,0.010332305,8.447789994
1.522578478,-0.039260667,0.000003784,0.069658268,-4.967768591,0.011856446,8.447774863
1.532579184,-0.039321390,0.000008323,0.069902705,-4.965950352,0.029182124,8.447507873
1.542580366,-0.039351285,0.000013047,0.069910554,-4.966818119,0.030964964,8.447478752
1.552582026,-0.039463603,0.000024393,0.069419444,-4.968193758,0.033668982,8.447282606
1.562584877,-0.039463603,0.000024393,0.069419444,-4.968193758,0.033668982,8.447282606
1.572586298,-0.039463603,0.000024393,0.069419444,-4.968193758,0.033668982,8.447282606
1.582590103,-0.039463603,0.000024393,0.069419444,-4.968193758,0.033668982,8.447282606
1.592590332,-0.039513838,0.000029814,0.065646194,-4.969164112,-0.015669688,8.447540460
1.602591753,-0.039397578,0.000019073,0.065593300,-4.968846012,-0.025798495,8.447817143
1.612592220,-0.039288101,0.000012833,0.066239391,-4.967440846,-0.018774583,8.448150671
1.622592926,-0.039248195,0.000000088,0.067174034,-4.966228129,-0.011503582,8.447907255
1.632592916,-0.039219097,0.000004551,0.068123991,-4.966260862,-0.007634722,8.447964756
1.642593145,-0.039206682,0.000006086,0.068546842,-4.967516040,-0.005309799,8.448005823
1.652604818,-0.039192765,0.000013443,0.069402841,-4.967559585,0.006012791,8.447962840
1.662604809,-0.039223938,0.000015988,0.069516563,-4.971458753,0.020321866,8.447887217
1.672605276,-0.039259244,0.000022134,0.069734841,-4.965648661,0.028399812,8.447639716
1.682605267,-0.039321622,0.000031368,0.069699614,-4.967682087,0.031307700,8.447535198
1.692606449,-0.039321622,0.000031368,0.069699614,-4.967682087,0.031307700,8.447535198
1.702608109,-0.039321622,0.000031368,0.069699614,-4.967682087,0.031307700,8.447535198
1.712609291,-0.039494091,0.000062311,0.067757648,-4.962909778,0.004458408,8.447325877
1.722611427,-0.039494091,0.000062311,0.067757648,-4.962909778,0.004458408,8.447325877
1.732613564,-0.039399223,0.000035704,0.065484690,-4.968931895,-0.022858784,8.447725329
1.742613792,-0.039345253,0.000029361,0.065595949,-4.968769672,-0.027049902,8.447860448
1.752615452,-0.039299094,0.000024680,0.065831227,-4.968585829,-0.028991436,8.447966406
1.762616158,-0.039299094,0.000024680,0.065831227,-4.968585829,-0.028991436,8.447966406
1.772617579,-0.039195946,0.000012474,0.068140156,-4.966628914,-0.008260723,8.448024579
1.782618284,-0.039195946,0.000012474,0.068140156,-4.966628914,-0.008260723,8.448024579
1.792618752,-0.039195946,0.000012474,0.068140156,-4.966628914,-0.008260723,8.448024579
1.802619934,-0.039220854,0.000023233,0.069487617,-4.975457720,0.018156441,8.448037680
1.812621117,-0.039242595,0.000025999,0.069635447,-4.965819728,0.025736980,8.447705673
1.822621107,-0.039345244,0.000041185,0.069576181,-4.967800639,0.031252183,8.447495811
1.832621336,-0.039345244,0.000041185,0.069576181,-4.967800639,0.031252183,8.447495811
1.842622519,-0.039345244,0.000041185,0.069576181,-4.967800639,0.031252183,8.447495811
1.852623224,-0.039345244,0.000041185,0.069576181,-4.967800639,0.031252183,8.447495811
1.862624407,-0.039480813,0.000058687,0.066495732,-4.972998185,-0.011079896,8.447545419
1.872625828,-0.039441133,0.000048276,0.065550208,-4.969019425,-0.019237223,8.447615873
1.882626057,-0.039441133,0.000048276,0.065550208,-4.969019425,-0.019237223,8.447615873
1.892626286,-0.039283345,0.000019222,0.066467053,-4.980495737,-0.021616174,8.448305333
1.902626991,-0.039267428,0.000018000,0.067106753,-4.965280641,-0.012987767,8.447905979
1.912627459,-0.039230725,0.000020758,0.068096566,-4.966861208,-0.009296414,8.448009859
1.922630310,-0.039230725,0.000020758,0.068096566,-4.966861208,-0.009296414,8.448009859
1.932631493,-0.039230725,0.000020758,0.068096566,-4.966861208,-0.009296414,8.448009859
1.942631483,-0.039319648,0.000041198,0.069730796,-4.965542072,0.027037530,8.447619142
1.952632189,-0.039379539,0.000049708,0.069705414,-4.967761198,0.029202103,8.447525999
1.962633371,-0.039389867,0.000050803,0.069669381,-4.967792174,0.029504632,8.447502028
1.972633600,-0.039520026,0.000062185,0.068890808,-4.968367724,0.028894141,8.447217042
1.982634544,-0.039520026,0.000062185,0.068890808,-4.968367724,0.028894141,8.447217042
1.992636681,-0.039520026,0.000062185,0.068890808,-4.968367724,0.028894141,8.447217042
2.002636671,-0.039520026,0.000062185,0.068890808,-4.968367724,0.028894141,8.447217042
2.012637377,-0.039386512,0.000047020,0.065499760,-4.968861140,-0.030622559,8.447780045
2.022638321,-0.039220996,0.000031479,0.065961957,-4.969108392,-0.024907982,8.447220731
2.032640696,-0.039178205,0.000024505,0.068520465,-4.967993199,-0.007923056,8.447874666
2.042641878,-0.039163780,0.000024788,0.068904528,-4.967815242,-0.004952381,8.447859282
2.052642584,-0.039151778,0.000025513,0.069214857,-4.967762099,-0.001903809,8.447840086
2.062643766,-0.039151778,0.000025513,0.069214857,-4.967762099,-0.001903809,8.447840086
2.072646379,-0.039142766,0.000026567,0.069443855,-4.967782344,0.000969616,8.447819452
2.082647800,-0.039142766,0.000026567,0.069443855,-4.967782344,0.000969616,8.447819452
2.092649460,-0.039195311,0.000036604,0.069947889,-4.967956516,0.027597496,8.447401724
2.102650166,-0.039222614,0.000039507,0.069829235,-4.968064895,0.028576469,8.447336253
2.112651348,-0.039222614,0.000039507,0.069829235,-4.968064895,0.028576469,8.447336253
2.122651577,-0.039279579,0.000044855,0.069470623,-4.968228394,0.029655870,8.447211934
2.132652521,-0.039418987,0.000063086,0.066432809,-4.973647430,-0.013766867,8.447377905
2.142653465,-0.039374472,0.000054754,0.065606318,-4.969396508,-0.018298753,8.447276364
2.152653933,-0.039272609,0.000038980,0.065357634,-4.969428287,-0.027441247,8.447477569
2.162654161,-0.039185566,0.000027434,0.065575062,-4.969110491,-0.031168900,8.447623396
2.172657490,-0.039140206,0.000021945,0.065771309,-4.968979282,-0.032066736,8.447695981
2.182658911,-0.038982540,-0.000002473,0.068358416,-4.968296296,-0.009672411,8.447745156
2.192661524,-0.038972162,-0.000002343,0.068802449,-4.968121533,-0.006971652,8.447748968
2.202664375,-0.038965644,0.000004719,0.069735550,-4.967944180,0.005434689,8.447682728
2.212666273,-0.038947780,-0.000003169,0.069788416,-4.970619794,0.011370224,8.447644549
2.222667694,-0.039011327,0.000008368,0.069934048,-4.965353358,0.026552307,8.447300652
2.232668877,-0.039011327,0.000008368,0.069934048,-4.965353358,0.026552307,8.447300652
2.242671728,-0.039011327,0.000008368,0.069934048,-4.965353358,0.026552307,8.447300652
2.252672672,-0.039212469,0.000032000,0.069224735,-4.968492134,0.029707116,8.447086082
2.262674809,-0.039278647,0.000037370,0.068773949,-4.968781089,0.027755141,8.446976699
2.272675037,-0.039465183,0.000084735,0.067948394,-4.949297524,0.027006049,8.445113987
2.282676458,-0.039359971,0.000058151,0.066691031,-4.975012311,-0.012951581,8.447501653
2.292679310,-0.039359971,0.000058151,0.066691031,-4.975012311,-0.012951581,8.447501653
2.302680492,-0.038874846,-0.000033218,0.066456613,-4.973189442,0.001001403,8.444938321
2.312681437,-0.038968912,-0.000008982,0.067807536,-4.966258558,-0.011932712,8.447746055
2.322682619,-0.038948954,-0.000010460,0.068466911,-4.968429605,-0.008898631,8.447701764
2.332683802,-0.038941972,-0.000006441,0.069187395,-4.967862584,-0.002231129,8.447743133
2.342688560,-0.038941972,-0.000006441,0.069187395,-4.967862584,-0.002231129,8.447743133
2.352688789,-0.038941972,-0.000006441,0.069187395,-4.967862584,-0.002231129,8.447743133
2.362690449,-0.039057455,0.000011915,0.069806254,-4.968183675,0.029374944,8.447290333
2.372691154,-0.039066273,0.000012800,0.069782567,-4.968222127,0.028530681,8.447314457
2.382693291,-0.039212941,0.000030832,0.069177492,-4.968390491,0.030687104,8.447119729
2.392693520,-0.039246245,0.000033933,0.068972954,-4.968590505,0.029853718,8.447042683
2.402693748,-0.039246245,0.000033933,0.068972954,-4.968590505,0.029853718,8.447042683
2.412694693,-0.039312755,0.000051702,0.065824866,-4.969114942,-0.012457554,8.447243983
2.422695875,-0.039260988,0.000041134,0.065578891,-4.969562952,-0.021236428,8.447421820
2.432697773,-0.039098147,0.000015513,0.065959085,-4.969007876,-0.029608094,8.447673343
2.442699432,-0.039002746,-0.000017539,0.066628672,-4.989770054,-0.022594244,8.449646427
2.452702522,-0.039002746,-0.000017539,0.066628672,-4.989770054,-0.022594244,8.449646427
2.462704182,-0.039002746,-0.000017539,0.066628672,-4.989770054,-0.022594244,8.449646427
2.472706079,-0.039002746,-0.000017539,0.066628672,-4.989770054,-0.022594244,8.449646427
2.484163284,-0.038988332,0.000008093,0.069399372,-4.967789458,0.010261515,8.447716573
2.494163513,-0.039029141,0.000005309,0.069787280,-4.967181935,0.033315720,8.446692580
2.504165411,-0.039099746,0.000021678,0.069730602,-4.967811753,0.032225514,8.447506880
2.514165401,-0.039164996,0.000025634,0.069463571,-4.968185520,0.031008587,8.447165573
2.524166584,-0.039164996,0.000025634,0.069463571,-4.968185520,0.031008587,8.447165573
2.534179688,-0.039164996,0.000025634,0.069463571,-4.968185520,0.031008587,8.447165573
2.544180870,-0.039310965,0.000057140,0.065721882,-4.967052405,-0.020275159,8.448476351
2.554181814,-0.039291203,0.000048542,0.065741780,-4.970341821,-0.007660979,8.446767560
2.564182043,-0.039169982,0.000023329,0.065560875,-4.969670090,-0.026661235,8.447362417
2.574182272,-0.039169982,0.000023329,0.065560875,-4.969670090,-0.026661235,8.447362417
2.584183216,-0.039169982,0.000023329,0.065560875,-4.969670090,-0.026661235,8.447362417
2.594184399,-0.039169982,0.000023329,0.065560875,-4.969670090,-0.026661235,8.447362417
2.604186296,-0.039173329,0.000027113,0.065561478,-4.968662476,-0.029050937,8.447916459
2.614187241,-0.039002363,0.000010548,0.069420800,-4.967825700,0.010395863,8.447698465
2.624188185,-0.039034393,0.000009091,0.069610885,-4.981594080,0.021995527,8.449254187
2.634189367,-0.039085438,0.000030855,0.069497006,-4.961835513,0.024037901,8.449086506
2.644190311,-0.039116018,0.000017399,0.069747724,-4.969097968,0.032367230,8.446710453
2.654191256,-0.039116018,0.000017399,0.069747724,-4.969097968,0.032367230,8.446710453
2.664191246,-0.039309850,0.000043869,0.068692067,-4.968781722,0.031184585,8.446939580
2.674194098,-0.039145506,-0.000014501,0.067058828,-4.979728264,-0.034290382,8.445806205
2.684195042,-0.039384612,0.000074708,0.066323297,-4.971427416,0.017322024,8.445632577
2.694196224,-0.039165497,0.000008005,0.065582415,-4.971466084,-0.027937434,8.446477238
2.704196215,-0.039160185,0.000029587,0.065494654,-4.967246670,-0.032326001,8.448744388
2.714196444,-0.039102043,0.000019135,0.066202293,-4.970448482,-0.006275983,8.447329924
2.724198103,-0.038974938,-0.000040468,0.066707900,-4.977785849,-0.010822660,8.444230927
2.734199762,-0.038953720,-0.000021030,0.068779417,-4.970119103,-0.007266590,8.446594489
2.744201422,-0.039064311,0.000028885,0.069098268,-4.966393723,0.006313857,8.448488675
2.754203796,-0.039021909,0.000010342,0.069263886,-4.969283326,0.009839934,8.446822643
2.764204979,-0.039041393,0.000026180,0.069473728,-4.966449542,0.008928740,8.448503652
2.774204969,-0.039142937,0.000042903,0.069932726,-4.967194813,0.043650698,8.446737532
2.784204960,-0.039142937,0.000042903,0.069932726,-4.967194813,0.043650698,8.446737532
2.794204950,-0.039188029,0.000054215,0.069746454,-4.966103062,0.034494327,8.448480036
2.804207563,-0.039188029,0.000054215,0.069746454,-4.966103062,0.034494327,8.448480036
2.814300299,-0.039289264,0.000057729,0.066005033,-4.963100949,-0.038725589,8.452126224
2.824301720,-0.039361705,0.000064660,0.066318204,-4.974190017,0.019455636,8.443820608
2.834303617,-0.039133258,0.000001311,0.065260829,-4.968125411,-0.044334002,8.448526278
2.844305515,-0.039301527,0.000080304,0.065218776,-4.965318359,-0.017085109,8.449766759
2.854307413,-0.038979962,-0.000038240,0.066546441,-4.971117843,-0.020702553,8.445647078
2.864308357,-0.038957982,-0.000030033,0.067861621,-4.970221330,-0.020760343,8.446947986
2.874309301,-0.038992624,-0.000006511,0.067843460,-4.966354265,-0.024370976,8.449233720
2.884310007,-0.039129306,0.000054965,0.068201806,-4.965420867,0.003386931,8.449274356
2.894311666,-0.039027072,0.000017449,0.069685000,-4.967346123,0.003383691,8.448072782
2.904311657,-0.039236189,0.000087731,0.070086564,-4.966157575,0.049905534,8.447395762
2.914314270,-0.039051098,-0.000003588,0.070018813,-4.969066238,0.013621086,8.447058591
2.924316168,-0.039214081,0.000072883,0.069777988,-4.963728339,0.027718792,8.449918267
2.934316397,-0.039214081,0.000072883,0.069777988,-4.963728339,0.027718792,8.449918267
2.944319248,-0.039214081,0.000072883,0.069777988,-4.963728339,0.027718792,8.449918267
2.954321146,-0.039571980,0.000186218,0.067434245,-4.963860606,0.020012651,8.451892468
2.964322090,-0.039397645,0.000119919,0.065154939,-4.962231254,-0.013817740,8.451557524
2.974735498,-0.039339193,0.000107165,0.065116720,-4.964558181,-0.013495843,8.450151216
2.984735489,-0.039110777,0.000016583,0.065796357,-4.971561073,-0.016469269,8.446049899
2.994735956,-0.039144644,0.000031021,0.065993225,-4.987893616,-0.025183767,8.451676205
3.004735947,-0.039016855,-0.000005715,0.067600659,-4.969043963,-0.019181445,8.447631157
3.014738083,-0.039113287,0.000050887,0.067816156,-4.964890616,-0.008484192,8.449783439
3.024738312,-0.039058229,0.000031606,0.069565603,-4.966501272,-0.002063779,8.448614211
3.034738302,-0.039095700,0.000044885,0.069957994,-4.969119037,0.012973245,8.446940981
3.044738293,-0.039065440,0.000033074,0.069926737,-4.968345373,0.006300985,8.447480230
3.054738522,-0.039220681,0.000081014,0.069933750,-4.963216243,0.022217892,8.450284491
3.064739704,-0.039257154,0.000070727,0.070189037,-4.971482508,0.044637161,8.445153013
3.074741125,-0.039296947,0.000065193,0.069634383,-4.971444057,0.040165888,8.445255040
3.084741354,-0.039313084,0.000045518,0.068829409,-4.970358873,0.024705973,8.446149158
3.094742537,-0.039595034,0.000190529,0.067510011,-4.978887162,0.033140596,8.447586037
3.104743958,-0.039506017,0.000150931,0.066073519,-4.970413506,0.023106000,8.445996598
3.114745140,-0.039402819,0.000113491,0.065483755,-4.972324944,0.007118408,8.445460800
3.124745369,-0.039293968,0.000081074,0.065430230,-4.970073871,-0.005543160,8.446837529
3.134747028,-0.039187932,0.000056228,0.065685259,-4.972491964,-0.015229969,8.445480214
3.144748449,-0.039081474,0.000022268,0.066100002,-4.959024030,-0.027855807,8.449502473
3.154748678,-0.039081474,0.000022268,0.066100002,-4.959024030,-0.027855807,8.449502473
3.164748669,-0.039046934,-0.000000801,0.067414653,-4.972170078,-0.014595269,8.445728496
3.174748898,-0.039046934,-0.000000801,0.067414653,-4.972170078,-0.014595269,8.445728496
3.184752226,-0.039233455,0.000119271,0.070230955,-4.967918861,0.029089410,8.448325867
3.194752216,-0.039144009,0.000047241,0.070542959,-4.975894199,0.030048412,8.443582421
3.204753637,-0.039144009,0.000047241,0.070542959,-4.975894199,0.030048412,8.443582421
3.214754343,-0.039162277,0.000079623,0.070107723,-4.958703001,0.010312004,8.451170266
3.224754572,-0.039340964,0.000090407,0.069704216,-4.972239187,0.042346766,8.444781877
3.234755039,-0.039402196,0.000123586,0.069008368,-4.964866949,0.030607582,8.449228731
3.244756937,-0.039256337,0.000027054,0.067891109,-4.937461584,0.004184324,8.440464738
3.254757166,-0.039256337,0.000027054,0.067891109,-4.937461584,0.004184324,8.440464738
3.264763594,-0.039424406,0.000132472,0.065454954,-4.972621691,0.005305027,8.445265805
3.274763823,-0.039256748,0.000073238,0.064916162,-4.963688559,-0.040083981,8.451054709
3.284765482,-0.039187057,0.000057109,0.065862222,-4.974331536,-0.015521085,8.445870401
3.294767380,-0.039210380,0.000104141,0.066312661,-4.958584918,-0.015602893,8.450877972
3.304769039,-0.039078261,0.000016199,0.067443988,-4.972602686,-0.015142068,8.445508148
3.314769745,-0.039164855,0.000084575,0.069532738,-4.970885407,0.010720082,8.445918318
3.324769735,-0.039107854,0.000051738,0.069645125,-4.971066940,0.001884676,8.445964396
3.334770203,-0.039124427,0.000073426,0.069664871,-4.967382277,-0.004917998,8.448201981
3.344772577,-0.039123173,0.000068296,0.070100464,-4.969030437,0.003600416,8.447173347
3.354774475,-0.039220526,0.000052866,0.069923066,-4.969626946,0.017531565,8.446679125
3.364776373,-0.039413247,0.000146727,0.069701141,-4.968517880,0.044949886,8.446891797
3.374777317,-0.039440819,0.000151025,0.069021606,-4.965720029,0.027977910,8.448802079
3.384778261,-0.039385272,0.000089149,0.068613046,-4.968218482,0.019233304,8.447535616
3.394785166,-0.039526855,0.000178545,0.066098070,-4.972736901,0.019252990,8.444835183
3.404789209,-0.039526855,0.000178545,0.066098070,-4.972736901,0.019252990,8.444835183
3.414790392,-0.039494854,0.000190978,0.065326758,-4.964961493,-0.007575975,8.449814876
3.424791813,-0.039155465,0.000021553,0.065361264,-4.970816315,-0.043119045,8.446942260
3.434792042,-0.039194255,0.000087538,0.067452584,-4.972661230,-0.001851178,8.445148827
3.444792986,-0.039150249,0.000074679,0.068706433,-4.971908446,-0.001235588,8.445563513
3.454793692,-0.039141308,0.000078588,0.069625169,-4.970776536,0.004331765,8.446114213
3.464796543,-0.039164675,0.000099189,0.069954976,-4.968097252,0.003918554,8.447735013
3.474796534,-0.039187173,0.000082113,0.070318229,-4.975226557,0.027039703,8.443223447
3.484797716,-0.039250040,0.000141513,0.069975919,-4.960411392,0.015128228,8.450647233
3.494797707,-0.039343536,0.000136011,0.069607302,-4.965685736,0.024373716,8.448877532
3.504798412,-0.039408104,0.000170608,0.069581514,-4.966357987,0.035550773,8.448298178
3.514800310,-0.039337645,0.000096394,0.069532890,-4.972577666,0.031455453,8.444824992
3.524800301,-0.039639188,0.000273668,0.067329414,-4.969173186,0.015022055,8.452459275
3.534800529,-0.039639188,0.000273668,0.067329414,-4.969173186,0.015022055,8.452459275
3.544802189,-0.039302091,0.000099024,0.065117888,-4.964849380,-0.040363253,8.450413523
3.554805279,-0.039302091,0.000099024,0.065117888,-4.964849380,-0.040363253,8.450413523
3.564805746,-0.039302091,0.000099024,0.065117888,-4.964849380,-0.040363253,8.450413523
3.574806690,-0.039296486,0.000131525,0.065374350,-4.965272155,-0.033458586,8.449932507
3.584807396,-0.039163090,0.000093417,0.067949874,-4.966533863,-0.020344384,8.448986752
3.594808102,-0.039186780,0.000122186,0.069557588,-4.968196694,-0.002036395,8.447747186
3.604811907,-0.039168653,0.000104352,0.069779011,-4.969684736,0.004059996,8.446847961
3.614815235,-0.039185482,0.000099936,0.069823265,-4.965514597,0.009394031,8.446988598
3.624816418,-0.039205439,0.000078536,0.070075884,-4.972508949,0.021029314,8.445092850
3.634818077,-0.039318448,0.000127836,0.069969764,-4.973154049,0.037918806,8.444406648
3.644819260,-0.039318448,0.000127836,0.069969764,-4.973154049,0.037918806,8.444406648
3.654820919,-0.039318448,0.000127836,0.069969764,-4.973154049,0.037918806,8.444406648
3.664824009,-0.039465970,0.000170428,0.066119802,-4.963466911,-0.033651390,8.451179485
3.674825191,-0.039531836,0.000189449,0.066313196,-4.974843699,0.019074571,8.443654025
3.684826374,-0.039376460,0.000075236,0.066324337,-4.980335146,0.003359622,8.440857023
3.694828033,-0.039325058,0.000141718,0.065534506,-4.968032554,-0.031715167,8.448324198
3.704828978,-0.039184565,0.000054557,0.066783739,-4.978044024,-0.004744959,8.440747869
3.714828968,-0.039184565,0.000054557,0.066783739,-4.978044024,-0.004744959,8.440747869
3.724829197,-0.039184565,0.000054557,0.066783739,-4.978044024,-0.004744959,8.440747869
3.734829426,-0.039169196,0.000100260,0.069356969,-4.972714596,0.003228318,8.445077920
3.744830370,-0.039169196,0.000100260,0.069356969,-4.972714596,0.003228318,8.445077920
3.754831314,-0.039169196,0.000100260,0.069356969,-4.972714596,0.003228318,8.445077920
3.764833212,-0.039272049,0.000127675,0.069775983,-4.968501390,0.020621223,8.447370241
3.774834156,-0.039333555,0.000155876,0.069803254,-4.970424787,0.035053806,8.446001412
3.784846783,-0.039333555,0.000155876,0.069803254,-4.970424787,0.035053806,8.446001412
3.794849873,-0.039452892,0.000134380,0.068744771,-4.971726355,0.029958606,8.445438995
3.804852009,-0.039452892,0.000134380,0.068744771,-4.971726355,0.029958606,8.445438995
3.814851999,-0.039426402,0.000137639,0.065719708,-4.971512342,-0.009431712,8.445977517
3.824853420,-0.039426402,0.000137639,0.065719708,-4.971512342,-0.009431712,8.445977517
3.834855318,-0.039426402,0.000137639,0.065719708,-4.971512342,-0.009431712,8.445977517
3.844855785,-0.039342017,0.000098837,0.065476719,-4.971928014,-0.028545222,8.446184096
3.854855776,-0.039299184,0.000170931,0.067073540,-4.965010611,-0.012279251,8.448699493
3.864856005,-0.039299184,0.000170931,0.067073540,-4.965010611,-0.012279251,8.448699493
3.874856710,-0.039176371,0.000107173,0.069421206,-4.971469380,0.003955426,8.445824610
3.884856939,-0.039188959,0.000112738,0.069473632,-4.971128617,0.008484046,8.446002609
3.894859552,-0.039290799,0.000158673,0.069636396,-4.967833770,0.026443753,8.447067479
3.904860497,-0.039292235,0.000118304,0.069765673,-4.972695903,0.032774611,8.444817618
3.914860725,-0.039346015,0.000117134,0.069462897,-4.972034377,0.030348123,8.445278737
3.924862385,-0.039403879,0.000121918,0.069081836,-4.971980368,0.029393194,8.445337619
3.934863091,-0.039463237,0.000123148,0.068593474,-4.972423593,0.027183260,8.445129519
3.944864273,-0.039595256,0.000237614,0.067514378,-4.967465183,0.001358927,8.451493180
3.954866171,-0.039380354,0.000079388,0.066309034,-4.975933699,-0.006343709,8.443655706
3.964866161,-0.039345233,0.000103743,0.065546699,-4.972655976,-0.026158607,8.445639960
3.974866152,-0.039335346,0.000107703,0.065578634,-4.972420035,-0.026521194,8.445729468
3.984867096,-0.039335346,0.000107703,0.065578634,-4.972420035,-0.026521194,8.445729468
3.994868279,-0.039213776,0.000091448,0.067520366,-4.974422578,-0.003256254,8.443998959
4.004868746,-0.039213776,0.000091448,0.067520366,-4.974422578,-0.003256254,8.443998959
4.014870167,-0.039213776,0.000091448,0.067520366,-4.974422578,-0.003256254,8.443998959
4.024870396,-0.039174657,0.000093234,0.069406752,-4.971810876,0.005359495,8.445647616
4.034872055,-0.039182383,0.000094769,0.069408980,-4.971870193,0.008840256,8.445595939
4.044872046,-0.039278893,0.000096625,0.069696681,-4.972334002,0.028072141,8.445162368
4.054873705,-0.039336693,0.000101608,0.069488846,-4.972439204,0.029958980,8.445082193
4.064875364,-0.039373843,0.000103207,0.069268413,-4.972671307,0.030053714,8.444964599
4.074876308,-0.039419942,0.000105198,0.068940598,-4.972921468,0.028963152,8.444854334
4.085151672,-0.039492423,0.000151521,0.067703150,-4.943621788,-0.018648997,8.448109448
4.095152378,-0.039492423,0.000151521,0.067703150,-4.943621788,-0.018648997,8.448109448
4.105153561,-0.039492423,0.000151521,0.067703150,-4.943621788,-0.018648997,8.448109448
4.115154743,-0.039355136,0.000095002,0.065580075,-4.973269051,-0.026212325,8.445228932
4.125155926,-0.039256935,0.000080214,0.066061405,-4.972862489,-0.030735645,8.445430246
4.135156631,-0.039256935,0.000080214,0.066061405,-4.972862489,-0.030735645,8.445430246
4.145157814,-0.039256935,0.000080214,0.066061405,-4.972862489,-0.030735645,8.445430246
4.155157804,-0.039290941,0.000099984,0.066410210,-4.973818762,-0.021694866,8.445928651
4.165158033,-0.039149538,0.000056567,0.069367715,-4.972403224,0.004518670,8.445339581
4.175159216,-0.039149538,0.000056567,0.069367715,-4.972403224,0.004518670,8.445339581
4.185160398,-0.039149538,0.000056567,0.069367715,-4.972403224,0.004518670,8.445339581
4.195161581,-0.039149538,0.000056567,0.069367715,-4.972403224,0.004518670,8.445339581
4.205163479,-0.039283478,0.000064708,0.068327163,-4.973086729,0.016094741,8.444912215
4.215163946,-0.039283478,0.000064708,0.068327163,-4.973086729,0.016094741,8.444912215
4.225166082,-0.039324942,0.000063030,0.067967680,-4.973311712,0.013132964,8.444817217
4.235167503,-0.039331593,0.000062375,0.067908348,-4.973350934,0.012325009,8.444802590
4.245168924,-0.039356662,0.000056338,0.067650389,-4.973525170,0.006974440,8.444749135
4.255169392,-0.039356662,0.000056338,0.067650389,-4.973525170,0.006974440,8.444749135
4.265171289,-0.039356662,0.000056338,0.067650389,-4.973525170,0.006974440,8.444749135
4.275172949,-0.039356662,0.000056338,0.067650389,-4.973525170,0.006974440,8.444749135
4.285268307,-0.021706246,0.001061107,-0.168609079,-4.864369163,-4.069502608,8.494677964
4.295271397,-0.011681146,0.000363516,-0.164284021,-4.787146813,-4.123147278,8.501421221
4.305272579,-0.011681146,0.000363516,-0.164284021,-4.787146813,-4.123147278,8.501421221
4.315274000,0.003342740,-0.000330044,-0.086967089,-4.727966696,-3.710564618,8.505110306
4.325274467,0.009339957,-0.000389025,-0.035961543,-4.742002854,-3.277970024,8.502564436
4.335275173,0.020817887,-0.000587091,0.096652447,-4.865336365,-1.405760801,8.483923567
4.345277071,0.021943439,-0.000710935,0.113949241,-4.887905075,-0.995621780,8.480347818
4.355277061,0.023043233,-0.001044887,0.139448038,-4.922043860,-0.074255987,8.474155012
4.365279198,0.022052793,-0.001297417,0.145263267,-4.927051304,0.734705698,8.471327211
4.375280619,0.022052793,-0.001297417,0.145263267,-4.927051304,0.734705698,8.471327211
4.385282516,0.022052793,-0.001297417,0.145263267,-4.927051304,0.734705698,8.471327211
4.395283937,0.007858944,-0.000531529,0.072389426,-4.851345912,2.028345528,8.475170462
4.405285597,0.007858944,-0.000531529,0.072389426,-4.851345912,2.028345528,8.475170462
4.415286303,-0.002052925,0.000364827,0.010922280,-4.846190047,1.786225949,8.478144008
4.425286770,-0.007806611,0.000836743,-0.028820619,-4.867638785,1.270357311,8.480143696
4.435286999,-0.010073071,0.000984067,-0.046761598,-4.882359029,0.919285599,8.481376877
4.445287943,-0.010842950,0.001018848,-0.053783094,-4.890545832,0.688870976,8.482200549
4.455289602,-0.011695545,0.000968582,-0.067344043,-4.906604187,0.042090137,8.484988579
4.465291500,-0.011223450,0.000867495,-0.068583350,-4.909182322,-0.245415226,8.486523988
4.475293398,-0.010891315,0.000817241,-0.068120871,-4.909258574,-0.349911812,8.487143377
4.485300064,-0.010891315,0.000817241,-0.068120871,-4.909258574,-0.349911812,8.487143377
4.495300770,-0.004334797,0.000199165,-0.038452551,-4.894426874,-0.967669607,8.492073513
4.505302668,-0.003581672,0.000147035,-0.034146416,-4.893256225,-0.976624606,8.492196030
4.515303135,0.000020151,-0.000073779,-0.011892989,-4.889901293,-0.920176960,8.492292836
4.525304794,0.002436030,-0.000204577,0.004702433,-4.891375565,-0.748687207,8.491310599
4.535304785,0.002436030,-0.000204577,0.004702433,-4.891375565,-0.748687207,8.491310599
4.545305014,0.002436030,-0.000204577,0.004702433,-4.891375565,-0.748687207,8.491310599
4.555306435,0.005518482,-0.000373353,0.031241321,-4.899009093,-0.107785328,8.487463756
4.565307617,0.005418051,-0.000367606,0.033144407,-4.899442753,0.095463841,8.486455502
4.575308323,0.005297455,-0.000359776,0.033068852,-4.899314793,0.135823234,8.486284540
4.585310221,0.003737267,-0.000248865,0.026953034,-4.896833439,0.399148030,8.485309436
4.595312119,0.003737267,-0.000248865,0.026953034,-4.896833439,0.399148030,8.485309436
4.605312109,0.003737267,-0.000248865,0.026953034,-4.896833439,0.399148030,8.485309436
4.615312099,-0.000146899,0.000046394,0.004739786,-4.894733536,0.438397602,8.485565501
4.625313997,-0.001054416,0.000113006,-0.001299719,-4.895407069,0.384470374,8.485851274
4.635314465,-0.001054416,0.000113006,-0.001299719,-4.895407069,0.384470374,8.485851274
4.645314932,-0.001054416,0.000113006,-0.001299719,-4.895407069,0.384470374,8.485851274
4.655315161,-0.002712840,0.000208924,-0.015336171,-4.899301060,0.042257251,8.487491576
4.665316343,-0.002712840,0.000208924,-0.015336171,-4.899301060,0.042257251,8.487491576
4.675317049,-0.002346823,0.000162460,-0.015394508,-4.899850095,-0.118072126,8.488301214
4.685318232,-0.001431499,0.000067541,-0.011226337,-4.899332332,-0.221166865,8.489741117
4.695324898,-0.001431499,0.000067541,-0.011226337,-4.899332332,-0.221166865,8.489741117
4.705326796,-0.001216392,0.000069755,-0.009973160,-4.899209476,-0.218574438,8.488876048
4.715328217,0.000147872,-0.000026415,-0.001809022,-4.898744214,-0.204090835,8.488795326
4.725329876,0.000503955,-0.000049424,0.000602607,-4.898697849,-0.179369532,8.488658465
4.735330105,0.000568553,-0.000053510,0.001056931,-4.898693791,-0.173607407,8.488626607
4.745330572,0.000568553,-0.000053510,0.001056931,-4.898693791,-0.173607407,8.488626607
4.755331755,0.001300344,-0.000094900,0.007300777,-4.898665934,-0.023775059,8.487827058
4.765332222,0.001253638,-0.000093637,0.007544699,-4.897851610,0.011387261,8.488074275
4.775334835,0.001140902,-0.000080325,0.007428637,-4.898352428,0.062517833,8.487461774
4.785335779,0.001140902,-0.000080325,0.007428637,-4.898352428,0.062517833,8.487461774
4.795336962,0.001140902,-0.000080325,0.007428637,-4.898352428,0.062517833,8.487461774
4.805337429,0.000209383,-0.000006911,0.002651741,-4.898232478,0.112780640,8.487210492
4.815338612,0.000126615,-0.000000911,0.002142892,-4.898246871,0.110918779,8.487223160
4.825338602,-0.000031584,0.000010385,0.001138605,-4.898291437,0.104921925,8.487258758
4.835338593,-0.000537240,0.000043719,-0.002511582,-4.898639729,0.051939358,8.487533989
4.845339298,-0.000591469,0.000046514,-0.003018748,-4.898718973,0.037391643,8.487607017
4.855340242,-0.000601504,0.000046947,-0.003125048,-4.898737511,0.033746866,8.487625264
4.865344048,-0.000601504,0.000046947,-0.003125048,-4.898737511,0.033746866,8.487625264
4.875345945,-0.000536976,0.000036808,-0.003564646,-4.898949517,-0.027650082,8.487929680
4.885345936,-0.000492344,0.000032989,-0.003387087,-4.898955769,-0.035037812,8.487967674
4.895346642,-0.000347505,0.000021394,-0.002698342,-4.898947474,-0.046800098,8.488024727
4.905347109,-0.000121886,0.000004653,-0.001451241,-4.898901871,-0.050747469,8.488040561
4.915349245,-0.000121886,0.000004653,-0.001451241,-4.898901871,-0.050747469,8.488040561
4.925351143,0.000083789,-0.000009146,-0.000147366,-4.898840245,-0.042553050,8.487995777
4.935352564,0.000186568,-0.000016020,0.000638851,-4.898817750,-0.034232050,8.487946814
4.945352554,0.000210748,-0.000017688,0.000839264,-4.898804663,-0.029544200,8.487920347
4.955354929,0.000274035,-0.000021671,0.001401193,-4.898763548,-0.017581492,8.487861083
4.965354919,0.000294967,-0.000022662,0.001618683,-4.898742073,-0.010532723,8.487825960
4.975356579,0.000306077,-0.000022766,0.001788548,-4.898717890,-0.001928654,8.487782856
4.985357761,0.000306077,-0.000022766,0.001788548,-4.898717890,-0.001928654,8.487782856
4.995359659,0.000178176,-0.000011134,0.001348691,-4.898647237,0.026263937,8.487646374
5.005362034,0.000089453,-0.000004448,0.000855520,-4.898649030,0.028827458,8.487636604
5.015362501,0.000089453,-0.000004448,0.000855520,-4.898649030,0.028827458,8.487636604
5.025362492,-0.000006652,0.000002419,0.000264905,-4.898669602,0.026744146,8.487650067
5.035362482,-0.000024061,0.000003619,0.000151083,-4.898675546,0.025807602,8.487655268
5.045364380,-0.000107177,0.000009062,-0.000438824,-4.898716319,0.018066019,8.487695921
5.055364847,-0.000112177,0.000009363,-0.000478456,-4.898721446,0.016872398,8.487702376
5.065366745,-0.000148012,0.000010920,-0.000860285,-4.898773045,0.003516792,8.487770024
5.075368404,-0.000141386,0.000010083,-0.000878519,-4.898785904,-0.000879192,8.487791832
5.085369825,-0.000122687,0.000008383,-0.000823171,-4.898795335,-0.005048842,8.487812210
5.095371723,-0.000111810,0.000007476,-0.000777759,-4.898797553,-0.006261021,8.487817738
5.105373621,-0.000103811,0.000006828,-0.000741327,-4.898798499,-0.007263601,8.487822802
5.115373611,-0.000090905,0.000005807,-0.000678623,-4.898799085,-0.008262701,8.487827461
5.125375032,-0.000090905,0.000005807,-0.000678623,-4.898799085,-0.008262701,8.487827461
5.135376215,-0.000090905,0.000005807,-0.000678623,-4.898799085,-0.008262701,8.487827461
5.145376682,0.000037312,-0.000003389,0.000102083,-4.898771526,-0.006264310,8.487813750
5.155377626,0.000062267,-0.000004911,0.000299516,-4.898756575,-0.002416186,8.487793700
5.165379763,0.000071652,-0.000005252,0.000412841,-4.898741981,0.002048229,8.487771059
5.175381660,0.000071652,-0.000005252,0.000412841,-4.898741981,0.002048229,8.487771059
5.185381651,0.000057764,-0.000003869,0.000392539,-4.898729509,0.006713717,8.487748287
5.195381641,0.000056013,-0.000003724,0.000385148,-4.898728980,0.007050150,8.487746532
5.205382824,0.000032866,-0.000001906,0.000269673,-4.898727160,0.008647055,8.487739312
5.215384007,0.000014159,-0.000000525,0.000161802,-4.898729572,0.008861600,8.487738753
5.225384712,0.000002906,0.000000277,0.000092046,-4.898732190,0.008591057,8.487740438
5.235384941,-0.000016377,0.000001589,-0.000037470,-4.898739236,0.007351796,8.487747189
5.245385885,-0.000024963,0.000002134,-0.000101611,-4.898744004,0.006298789,8.487752693
5.255385876,-0.000032810,0.000002569,-0.000170672,-4.898750933,0.004530080,8.487761746
5.265388250,-0.000034551,0.000002560,-0.000203327,-4.898756682,0.002801175,8.487770424
5.275389671,-0.000033130,0.000002389,-0.000205981,-4.898758994,0.002025849,8.487774168
5.285391569,-0.000030273,0.000002123,-0.000198618,-4.898760903,0.001223917,8.487778171
5.295392752,-0.000020324,0.000001312,-0.000154014,-4.898762587,0.000149791,8.487783236
5.305394650,-0.000012563,0.000000724,-0.000111916,-4.898762265,-0.000119691,8.487784329
5.315394878,-0.000009154,0.000000473,-0.000092162,-4.898761701,-0.000150670,8.487784395
5.325396061,-0.000004682,0.000000150,-0.000065185,-4.898760833,-0.000101117,8.487784008
5.335396528,0.000008663,-0.000000764,0.000023422,-4.898756389,0.000669068,8.487779735
5.345396519,0.000012047,-0.000000978,0.000048943,-4.898754559,0.001098953,8.487777475
5.355396748,0.000012047,-0.000000978,0.000048943,-4.898754559,0.001098953,8.487777475
5.365396738,0.000016463,-0.000001212,0.000089787,-4.898750406,0.002241965,8.487771606
5.375396967,0.000016232,-0.000001126,0.000099862,-4.898747758,0.003124582,8.487767184
5.385397196,0.000015813,-0.000001084,0.000099383,-4.898747405,0.003243536,8.487766638
5.395397663,0.000014986,-0.000001007,0.000097250,-4.898746838,0.003490078,8.487765386
5.405399323,0.000005554,-0.000000261,0.000051116,-4.898746115,0.004218221,8.487761998
5.415400982,0.000003908,-0.000000141,0.000041466,-4.898746373,0.004221579,8.487762026
5.425402164,-0.000001690,0.000000253,0.000006074,-4.898747874,0.004034351,8.487763112
5.435984135,-0.000004880,0.000000464,-0.000016410,-4.898749297,0.003748586,8.487764622
5.445984602,-0.000007023,0.000000593,-0.000033623,-4.898750768,0.003393947,8.487766446
5.455986023,-0.000007533,0.000000619,-0.000038438,-4.898751294,0.003253900,8.487767156
5.465986252,-0.000008089,0.000000624,-0.000047567,-4.898752813,0.002802100,8.487769416
5.475987196,-0.000008089,0.000000624,-0.000047567,-4.898752813,0.002802100,8.487769416
5.485987425,-0.000006755,0.000000493,-0.000045279,-4.898753961,0.002372745,8.487771504
5.495987654,-0.000004530,0.000000314,-0.000034870,-4.898754282,0.002170992,8.487772422
5.505989313,-0.000004530,0.000000314,-0.000034870,-4.898754282,0.002170992,8.487772422
5.515990019,-0.000001903,0.000000117,-0.000020140,-4.898754051,0.002108083,8.487772651
5.525990963,0.000000355,-0.000000043,-0.000006019,-4.898753517,0.002171765,8.487772252
5.535992622,0.000000355,-0.000000043,-0.000006019,-4.898753517,0.002171765,8.487772252
5.545994282,0.000000355,-0.000000043,-0.000006019,-4.898753517,0.002171765,8.487772252
5.555994272,0.000003641,-0.000000252,0.000018565,-4.898751807,0.002575223,8.487770103
5.565997362,0.000003881,-0.000000260,0.000021432,-4.898751437,0.002687327,8.487769528
5.575997591,0.000003881,-0.000000260,0.000021432,-4.898751437,0.002687327,8.487769528
5.585997581,0.000003881,-0.000000260,0.000021432,-4.898751437,0.002687327,8.487769528
5.595999002,0.000002987,-0.000000168,0.000020734,-4.898750542,0.003039781,8.487767762
5.606000185,0.000002666,-0.000000142,0.000019253,-4.898750502,0.003071181,8.487767610
5.616000652,0.000002437,-0.000000124,0.000018125,-4.898750489,0.003084857,8.487767550
5.626001358,0.000000548,0.000000017,0.000007483,-4.898750717,0.003125724,8.487767375
5.636001587,-0.000000593,0.000000096,0.000000080,-4.898751088,0.003072930,8.487767658
5.646001816,-0.000001135,0.000000131,-0.000003785,-4.898751352,0.003020769,8.487767925
5.656002998,-0.000001285,0.000000140,-0.000004927,-4.898751442,0.003001089,8.487768025
5.666004181,-0.000001791,0.000000169,-0.000009293,-4.898751878,0.002894178,8.487768560
5.676004648,-0.000001895,0.000000171,-0.000010738,-4.898752110,0.002829789,8.487768876
5.686004877,-0.000001895,0.000000171,-0.000010738,-4.898752110,0.002829789,8.487768876
5.696005583,-0.000001895,0.000000171,-0.000010738,-4.898752110,0.002829789,8.487768876
5.706006050,-0.000001895,0.000000171,-0.000010738,-4.898752110,0.002829789,8.487768876
5.716007471,-0.000000451,0.000000050,-0.000004748,-4.898752568,0.002635906,8.487769751
5.726009369,-0.000000451,0.000000050,-0.000004748,-4.898752568,0.002635906,8.487769751
5.736011505,0.000000184,0.000000005,-0.000000737,-4.898752429,0.002656687,8.487769612
5.746012926,0.000000285,-0.000000002,-0.000000055,-4.898752396,0.002663661,8.487769571
5.756014585,0.000000743,-0.000000031,0.000003354,-4.898752185,0.002718487,8.487769266
5.766015530,0.000000768,-0.000000032,0.000003572,-4.898752168,0.002723681,8.487769238
5.776016951,0.000000913,-0.000000039,0.000005105,-4.898752006,0.002776149,8.487768957
5.786016941,0.000000916,-0.000000038,0.000005380,-4.898751956,0.002795991,8.487768852
5.796019077,0.000000869,-0.000000032,0.000005447,-4.898751894,0.002822797,8.487768710
5.806019783,0.000000869,-0.000000032,0.000005447,-4.898751894,0.002822797,8.487768710
5.816020012,0.000000310,0.000000012,0.000002833,-4.898751878,0.002874987,8.487768434
5.826020718,0.000000190,0.000000021,0.000002127,-4.898751908,0.002875040,8.487768431
5.836021900,-0.000000036,0.000000037,0.000000706,-4.898751979,0.002868888,8.487768457
5.846023083,-0.000000160,0.000000045,-0.000000127,-4.898752036,0.002860987,8.487768493
5.856024027,-0.000000264,0.000000052,-0.000000873,-4.898752101,0.002849745,8.487768546
5.866025686,-0.000000345,0.000000057,-0.000001506,-4.898752162,0.002837906,8.487768601
5.876026154,-0.000000393,0.000000059,-0.000001918,-4.898752210,0.002827829,8.487768647
5.886028051,-0.000000399,0.000000056,-0.000002582,-4.898752410,0.002780102,8.487768856
5.896028042,-0.000000362,0.000000052,-0.000002447,-4.898752436,0.002772739,8.487768887
5.906029940,-0.000000316,0.000000049,-0.000002247,-4.898752453,0.002767463,8.487768907
5.916030645,-0.000000291,0.000000047,-0.000002126,-4.898752461,0.002765318,8.487768914
5.926030636,-0.000000180,0.000000038,-0.000001539,-4.898752478,0.002760087,8.487768926
5.936033010,0.000000054,0.000000021,-0.000000099,-4.898752464,0.002765044,8.487768871
5.946036339,0.000000098,0.000000018,0.000000208,-4.898752455,0.002768649,8.487768846
5.956037283,0.000000136,0.000000016,0.000000485,-4.898752446,0.002772851,8.487768819
5.966038227,0.000000206,0.000000011,0.000001082,-4.898752419,0.002787302,8.487768728
5.976038933,0.000000214,0.000000011,0.000001193,-4.898752413,0.002791611,8.487768702
5.986039639,0.000000204,0.000000013,0.000001275,-4.898752403,0.002803114,8.487768631
5.996040344,0.000000204,0.000000013,0.000001275,-4.898752403,0.002803114,8.487768631
6.006043434,0.000000141,0.000000018,0.000001030,-4.898752411,0.002812625,8.487768568
6.016044378,0.000000094,0.000000021,0.000000785,-4.898752429,0.002814994,8.487768548
6.026045799,0.000000052,0.000000024,0.000000543,-4.898752446,0.002815484,8.487768539
6.037264824,0.000000038,0.000000025,0.000000460,-4.898752453,0.002815408,8.487768537
6.047266483,0.000000038,0.000000025,0.000000460,-4.898752453,0.002815408,8.487768537
6.057267904,-0.000000014,0.000000029,0.000000129,-4.898752486,0.002813534,8.487768538
6.067269087,-0.000000042,0.000000031,-0.000000063,-4.898752507,0.002811525,8.487768542
6.077269077,-0.000000042,0.000000031,-0.000000063,-4.898752507,0.002811525,8.487768542
6.087269068,-0.000000101,0.000000033,-0.000000619,-4.898752630,0.002795348,8.487768588
6.097270966,-0.000000087,0.000000032,-0.000000583,-4.898752657,0.002792048,8.487768593
6.107272148,-0.000000065,0.000000030,-0.000000484,-4.898752678,0.002789550,8.487768595
6.117273331,-0.000000062,0.000000030,-0.000000468,-4.898752680,0.002789346,8.487768595
6.127274036,-0.000000025,0.000000027,-0.000000264,-4.898752701,0.002788369,8.487768585
6.137274742,-0.000000025,0.000000027,-0.000000264,-4.898752701,0.002788369,8.487768585
6.147275209,0.000000027,0.000000023,0.000000081,-4.898752723,0.002790985,8.487768547
6.157275677,0.000000032,0.000000023,0.000000112,-4.898752725,0.002791490,8.487768542
6.167275906,0.000000046,0.000000022,0.000000235,-4.898752736,0.002794290,8.487768515
6.177279711,0.000000050,0.000000021,0.000000279,-4.898752743,0.002796011,8.487768499
6.187281370,0.000000046,0.000000022,0.000000295,-4.898752759,0.002799013,8.487768470
6.197282314,0.000000046,0.000000022,0.000000295,-4.898752759,0.002799013,8.487768470
6.207283258,0.000000035,0.000000023,0.000000249,-4.898752778,0.002800695,8.487768449
6.217284441,0.000000019,0.000000024,0.000000166,-4.898752799,0.002801449,8.487768434
6.227284908,0.000000016,0.000000024,0.000000147,-4.898752802,0.002801485,8.487768431
6.237285137,0.000000012,0.000000024,0.000000128,-4.898752808,0.002801498,8.487768429
6.247285604,0.000000012,0.000000024,0.000000128,-4.898752808,0.002801498,8.487768429
6.257286310,0.000000012,0.000000024,0.000000128,-4.898752808,0.002801498,8.487768429
6.267286777,-0.000000023,0.000000026,-0.000000118,-4.898752886,0.002798499,8.487768408
6.277287483,-0.000000024,0.000000026,-0.000000132,-4.898752895,0.002797943,8.487768406
6.287287951,-0.000000024,0.000000026,-0.000000139,-4.898752904,0.002797539,8.487768404
6.297288418,-0.000000018,0.000000025,-0.000000127,-4.898752944,0.002795666,8.487768392
6.307288885,-0.000000016,0.000000025,-0.000000117,-4.898752952,0.002795480,8.487768389
6.317290068,-0.000000016,0.000000025,-0.000000117,-4.898752952,0.002795480,8.487768389
6.327290058,-0.000000004,0.000000024,-0.000000053,-4.898752982,0.002795163,8.487768373
6.337290525,0.000000000,0.000000024,-0.000000024,-4.898752992,0.002795278,8.487768365
6.347290754,0.000000003,0.000000023,-0.000000002,-4.898753002,0.002795493,8.487768358
6.357293367,0.000000003,0.000000023,-0.000000002,-4.898753002,0.002795493,8.487768358
6.367295265,0.000000007,0.000000023,0.000000022,-4.898753012,0.002795812,8.487768350
6.377295494,0.000000012,0.000000023,0.000000062,-4.898753037,0.002796796,8.487768327
6.387295485,0.000000012,0.000000022,0.000000070,-4.898753052,0.002797364,8.487768314
6.397296667,0.000000011,0.000000022,0.000000070,-4.898753056,0.002797476,8.487768312
6.407298565,0.000000010,0.000000023,0.000000065,-4.898753070,0.002797856,8.487768301
6.417299032,0.000000010,0.000000023,0.000000065,-4.898753070,0.002797856,8.487768301
6.427299500,0.000000003,0.000000023,0.000000028,-4.898753110,0.002798216,8.487768276
6.437300444,-0.000000000,0.000000023,0.000000010,-4.898753126,0.002798132,8.487768268
6.447301388,-0.000000002,0.000000023,0.000000001,-4.898753134,0.002798064,8.487768264
6.457302570,-0.000000003,0.000000023,-0.000000007,-4.898753143,0.002797954,8.487768260
6.467304707,-0.000000004,0.000000023,-0.000000019,-4.898753158,0.002797748,8.487768253
6.477306128,-0.000000006,0.000000023,-0.000000031,-4.898753181,0.002797358,8.487768242
6.487307549,-0.000000006,0.000000023,-0.000000034,-4.898753195,0.002797161,8.487768235
6.497309446,-0.000000006,0.000000023,-0.000000034,-4.898753195,0.002797161,8.487768235
6.507311106,-0.000000004,0.000000023,-0.000000030,-4.898753218,0.002796873,8.487768223
6.517313242,-0.000000003,0.000000022,-0.000000022,-4.898753237,0.002796754,8.487768213
6.527315378,-0.000000003,0.000000022,-0.000000022,-4.898753237,0.002796754,8.487768213
6.537316084,0.000000000,0.000000022,-0.000000006,-4.898753264,0.002796767,8.487768197
6.547317505,0.000000000,0.000000022,-0.000000005,-4.898753267,0.002796775,8.487768196
6.557319403,0.000000001,0.000000022,0.000000000,-4.898753277,0.002796824,8.487768190
6.567319870,0.000000001,0.000000022,0.000000004,-4.898753284,0.002796874,8.487768185
6.577322006,0.000000001,0.000000022,0.000000004,-4.898753284,0.002796874,8.487768185
6.587323427,0.000000003,0.000000021,0.000000016,-4.898753323,0.002797236,8.487768158
6.597326756,0.000000003,0.000000021,0.000000016,-4.898753323,0.002797236,8.487768158
6.607327938,0.000000003,0.000000021,0.000000016,-4.898753323,0.002797236,8.487768158
6.617329836,0.000000002,0.000000021,0.000000012,-4.898753362,0.002797434,8.487768135
6.627331734,0.000000001,0.000000021,0.000000006,-4.898753382,0.002797450,8.487768123
6.637332439,0.000000001,0.000000021,0.000000006,-4.898753382,0.002797450,8.487768123
6.647334337,-0.000000000,0.000000021,0.000000001,-4.898753400,0.002797424,8.487768114
6.657335997,-0.000000001,0.000000021,-0.000000001,-4.898753406,0.002797406,8.487768110
6.667338610,-0.000000001,0.000000021,-0.000000004,-4.898753423,0.002797346,8.487768101
6.677338600,-0.000000001,0.000000021,-0.000000007,-4.898753446,0.002797244,8.487768088
6.687339783,-0.000000001,0.000000021,-0.000000008,-4.898753461,0.002797183,8.487768079
6.697340965,-0.000000001,0.000000021,-0.000000008,-4.898753469,0.002797161,8.487768075
6.707341433,-0.000000001,0.000000021,-0.000000007,-4.898753474,0.002797146,8.487768072
6.717343092,-0.000000000,0.000000021,-0.000000003,-4.898753508,0.002797105,8.487768053
6.727343798,-0.000000000,0.000000021,-0.000000003,-4.898753513,0.002797105,8.487768050
6.737343788,0.000000000,0.000000020,-0.000000001,-4.898753521,0.002797112,8.487768045
6.747344017,0.000000000,0.000000020,0.000000001,-4.898753535,0.002797131,8.487768037
6.757345200,0.000000000,0.000000020,0.000000001,-4.898753535,0.002797131,8.487768037
6.767345428,0.000000000,0.000000020,0.000000001,-4.898753542,0.002797144,8.487768033
6.777346134,0.000000001,0.000000020,0.000000004,-4.898753569,0.002797202,8.487768017
6.787347078,0.000000001,0.000000020,0.000000004,-4.898753575,0.002797214,8.487768013
6.797348499,0.000000001,0.000000020,0.000000004,-4.898753583,0.002797229,8.487768009
6.807608366,0.000000000,0.000000020,0.000000003,-4.898753612,0.002797267,8.487767991
6.817609310,0.000000000,0.000000020,0.000000002,-4.898753618,0.002797271,8.487767987
6.827610493,0.000000000,0.000000020,0.000000002,-4.898753624,0.002797272,8.487767984
6.837610960,0.000000000,0.000000020,0.000000002,-4.898753627,0.002797273,8.487767982
6.847612381,-0.000000000,0.000000020,-0.000000000,-4.898753652,0.002797263,8.487767968
6.857613564,-0.000000000,0.000000020,-0.000000001,-4.898753665,0.002797251,8.487767960
6.867613792,-0.000000000,0.000000020,-0.000000001,-4.898753674,0.002797240,8.487767955
6.877614737,-0.000000000,0.000000020,-0.000000001,-4.898753674,0.002797240,8.487767955
6.887615681,-0.000000000,0.000000019,-0.000000002,-4.898753686,0.002797230,8.487767949
6.897618055,-0.000000000,0.000000019,-0.000000002,-4.898753709,0.002797208,8.487767936
6.907618761,-0.000000000,0.000000019,-0.000000002,-4.898753709,0.002797206,8.487767935
6.917622566,-0.000000000,0.000000019,-0.000000002,-4.898753712,0.002797205,8.487767934
6.927623034,-0.000000000,0.000000019,-0.000000001,-4.898753735,0.002797193,8.487767920
6.937624216,-0.000000000,0.000000019,-0.000000001,-4.898753748,0.002797191,8.487767912
6.947626114,-0.000000000,0.000000019,-0.000000001,-4.898753748,0.002797191,8.487767912
6.957626343,-0.000000000,0.000000019,-0.000000001,-4.898753753,0.002797192,8.487767910
6.967626333,0.007989116,0.000452899,-0.080319500,-4.896098842,-1.388531179,8.493051507
6.977627993,0.010715826,0.000293565,-0.072493708,-4.891846798,-1.363839633,8.491291274
6.987628460,0.010715826,0.000293565,-0.072493708,-4.891846798,-1.363839633,8.491291274
6.997629642,0.018834235,0.000428884,-0.053022465,-4.884119678,-1.676658479,8.489498773
7.007630825,0.018834235,0.000428884,-0.053022465,-4.884119678,-1.676658479,8.489498773
7.017632246,0.027981917,0.000054463,-0.026552298,-4.918485192,-1.051524807,8.472611489
7.027634859,0.029519940,-0.000053055,-0.013452842,-4.927070711,-0.790968414,8.468885226
7.037635565,0.029861463,0.000723405,-0.011376182,-5.014874717,-0.494052201,8.452029303
7.047636747,0.032136608,0.000030659,-0.014760792,-4.942866647,-0.679371631,8.461200578
7.057637215,0.032136608,0.000030659,-0.014760792,-4.942866647,-0.679371631,8.461200578
7.067638159,0.032136608,0.000030659,-0.014760792,-4.942866647,-0.679371631,8.461200578
7.077638149,0.032136608,0.000030659,-0.014760792,-4.942866647,-0.679371631,8.461200578
7.087638378,0.033523260,-0.000139081,-0.029701536,-4.944213512,-0.031684273,8.466702413
7.097638607,0.033376092,-0.000157115,-0.038833693,-4.951583525,0.065111906,8.457760790
7.107639074,0.033376092,-0.000157115,-0.038833693,-4.951583525,0.065111906,8.457760790
7.117639303,0.033286229,-0.000147901,-0.041974520,-4.952110825,0.082516155,8.457085287
7.127640009,0.033286229,-0.000147901,-0.041974520,-4.952110825,0.082516155,8.457085287
7.137641191,0.033286229,-0.000147901,-0.041974520,-4.952110825,0.082516155,8.457085287
7.147642374,0.032336300,-0.000049089,-0.067407111,-4.950535624,-0.075817767,8.459774148
7.157644272,0.032335567,-0.000025770,-0.068312883,-4.949014089,-0.085645263,8.460500878
7.167646170,0.032969214,-0.000004916,-0.071270680,-4.951889301,-0.154368696,8.458786606
7.177648067,0.033143503,-0.000001701,-0.070460845,-4.951915812,-0.161640669,8.458810669
7.187649012,0.033483604,-0.000015264,-0.068306610,-4.952515307,-0.176520169,8.458198110
7.197649002,0.034886565,0.000046589,-0.071558135,-4.955703754,-0.341836952,8.457698712
7.207651377,0.036219473,0.000032380,-0.066786821,-4.961360098,-0.295365969,8.453752193
7.217652798,0.036410438,0.000029388,-0.065485091,-4.961860724,-0.281541303,8.453290556
7.227653265,0.036410438,0.000029388,-0.065485091,-4.961860724,-0.281541303,8.453290556
7.237654686,0.036410438,0.000029388,-0.065485091,-4.961860724,-0.281541303,8.453290556
7.247656107,0.038302177,0.000003863,-0.059804971,-4.968087703,-0.170997539,8.449089993
7.257657766,0.038406303,-0.000007414,-0.059301123,-4.969668681,-0.148160942,8.448038751
7.267659187,0.038452391,-0.000011735,-0.059049985,-4.969613908,-0.139581315,8.448036283
7.277660608,0.038706472,-0.000046699,-0.056310883,-4.970122319,-0.034834431,8.446803068
7.287660837,0.038706472,-0.000046699,-0.056310883,-4.970122319,-0.034834431,8.446803068
7.297660828,0.038706472,-0.000046699,-0.056310883,-4.970122319,-0.034834431,8.446803068
7.307661772,0.038706472,-0.000046699,-0.056310883,-4.970122319,-0.034834431,8.446803068
7.317663670,0.038511436,-0.000126397,-0.059007571,-4.970462892,0.079275472,8.445742237
7.327664614,0.038126125,-0.000265591,-0.064189188,-4.997470751,0.091370344,8.437758513
7.337666512,0.037850074,-0.000093536,-0.066744077,-4.969013496,0.068641892,8.446452489
7.347666740,0.037850074,-0.000093536,-0.066744077,-4.969013496,0.068641892,8.446452489
7.357667685,0.037886519,-0.000145441,-0.070266753,-4.967675932,0.008861294,8.448231313
7.367668867,0.037828299,0.000051450,-0.071427882,-4.939928221,-0.077815430,8.454401470
7.377670527,0.038081713,-0.000043671,-0.071830559,-4.959427060,-0.089203700,8.453677088
7.387670755,0.039418707,-0.000695668,-0.069713752,-5.006824902,-0.106758835,8.418777813
7.397671938,0.037997212,0.000341264,-0.070909657,-4.915383620,-0.213703523,8.496583475
7.407675505,0.037754864,0.000459204,-0.069862028,-4.941160100,0.014402049,8.452684412
7.417679548,0.038994140,-0.000106631,-0.067605924,-4.972538248,-0.094197487,8.447094652
7.427680731,0.039017037,-0.000044762,-0.066100712,-4.967059274,-0.060168805,8.448872917
7.437681437,0.039107653,-0.000056765,-0.064352967,-4.971135982,-0.026454148,8.446178693
7.447681427,0.038630951,0.000371794,-0.066121422,-4.930764682,-0.025067230,8.471074275
7.457682371,0.038974482,0.000016708,-0.063474802,-4.979804656,0.074881595,8.439550193
7.467683792,0.039224280,-0.000146926,-0.064018642,-4.942793244,0.013716944,8.441045820
7.477685452,0.039224280,-0.000146926,-0.064018642,-4.942793244,0.013716944,8.441045820
7.487686872,0.039090658,-0.000135977,-0.067418809,-4.970481627,0.014132189,8.446413791
7.497687578,0.039063626,-0.000122316,-0.067568031,-4.969814458,0.016070092,8.446728408
7.507687569,0.039065559,-0.000134349,-0.067696303,-4.970671978,0.016370437,8.446230126
7.517688274,0.039014703,-0.000076000,-0.069159634,-4.965112010,-0.008319633,8.449642433
7.527692080,0.039014703,-0.000076000,-0.069159634,-4.965112010,-0.008319633,8.449642433
7.537695169,0.039014703,-0.000076000,-0.069159634,-4.965112010,-0.008319633,8.449642433
7.550378323,0.039120418,-0.000049651,-0.068591989,-4.971763655,0.000946638,8.448356876
7.560380459,0.039257826,-0.000131397,-0.068090363,-4.957523193,-0.023502408,8.450392623
7.570381165,0.039257826,-0.000131397,-0.068090363,-4.957523193,-0.023502408,8.450392623
7.580382347,0.039184099,-0.000114683,-0.066297892,-4.967330164,0.003960388,8.448272685
7.590382338,0.039175197,-0.000135302,-0.065938005,-4.972615420,0.018700889,8.444985672
7.600382328,0.039175197,-0.000135302,-0.065938005,-4.972615420,0.018700889,8.444985672
7.610383987,0.039055090,-0.000086311,-0.068138178,-4.962043666,-0.007813671,8.451462699
7.620384932,0.039178035,-0.000174512,-0.068649013,-4.967233811,-0.020054842,8.448761068
7.631312370,0.039038342,-0.000074538,-0.068818958,-4.965727038,-0.003613533,8.449253170
7.641313314,0.039123526,-0.000100875,-0.069188276,-4.968082700,-0.008002843,8.447958667
7.651313782,0.039127218,-0.000104184,-0.069106518,-4.970113226,-0.003562990,8.446706983
7.661313772,0.039225487,-0.000144418,-0.069155504,-4.968161275,-0.021947382,8.446541927
7.671314001,0.039309081,-0.000102167,-0.069449452,-4.967392381,-0.031772699,8.448651503
7.681314707,0.039370905,-0.000105957,-0.069180275,-4.968648594,-0.029899627,8.447922415
7.691314936,0.039434932,-0.000123313,-0.068810339,-4.971516489,-0.025398540,8.446200543
7.701314926,0.039267800,-0.000003664,-0.067509220,-5.003052140,0.020978961,8.449221514
7.711314917,0.039368340,-0.000032017,-0.067196072,-4.953721553,-0.004847514,8.453591719
7.721316099,0.039250566,0.000005970,-0.066154461,-4.973451286,0.051235633,8.443674926
7.731317997,0.039461450,-0.000183141,-0.065163587,-4.971166596,0.010831677,8.445994947
7.741321087,0.039283101,-0.000165279,-0.065452314,-4.972429639,0.034835226,8.444902094
7.751322985,0.039203130,-0.000129985,-0.066803590,-4.962630998,0.008713745,8.451617745
7.761323929,0.039293945,-0.000230168,-0.067681464,-4.970712584,-0.000625915,8.446637133
7.771325111,0.039245561,-0.000214660,-0.068618018,-4.972189814,0.001943663,8.445585460
7.781326294,0.039245561,-0.000214660,-0.068618018,-4.972189814,0.001943663,8.445585460
7.791327477,0.039245561,-0.000214660,-0.068618018,-4.972189814,0.001943663,8.445585460
7.801329136,0.039141679,-0.000080211,-0.070067953,-4.961892483,-0.023976486,8.452016450
7.811329842,0.039141679,-0.000080211,-0.070067953,-4.961892483,-0.023976486,8.452016450
7.821330547,0.039404265,-0.000141856,-0.069872971,-4.969188406,-0.040731613,8.447811232
7.831331491,0.039404265,-0.000141856,-0.069872971,-4.969188406,-0.040731613,8.447811232
7.841332674,0.039492229,-0.000113085,-0.068983741,-4.969628731,-0.030931513,8.447333417
7.851334572,0.039458208,-0.000076519,-0.067748797,-4.952221379,-0.020780900,8.453848456
7.861335993,0.039193127,0.000063404,-0.066667946,-4.967680060,0.046768619,8.446812646
7.871336699,0.039193127,0.000063404,-0.066667946,-4.967680060,0.046768619,8.446812646
7.881339788,0.039319378,-0.000161597,-0.065051245,-4.973336839,0.032322590,8.444353428
7.891340494,0.039262129,-0.000123667,-0.065568727,-4.967282636,0.022482583,8.448014222
7.901341915,0.039280737,-0.000148036,-0.065988485,-4.950440586,0.030321913,8.442556403
7.911343098,0.039257657,-0.000168392,-0.067010515,-4.974526839,0.017665871,8.445082961
7.921346664,0.039132899,-0.000096765,-0.068935602,-4.965829073,0.012893339,8.449018748
7.931346893,0.039132899,-0.000096765,-0.068935602,-4.965829073,0.012893339,8.449018748
7.941348314,0.039132899,-0.000096765,-0.068935602,-4.965829073,0.012893339,8.449018748
7.951349020,0.039353563,-0.000184214,-0.070006711,-4.973666079,-0.029004950,8.445609144
7.961349010,0.039139481,-0.000029143,-0.070134452,-4.963909273,-0.031605842,8.450680430
8.565876484,0.039356985,-0.000081445,-0.069488038,-4.972467716,-0.015363259,8.445471309
