0.000008821,11.402539140,7.937221088,24.163601861,0.827801068,0.146919542,-0.478176193,0.253983401
0.010009527,11.402539140,7.937221088,24.163601861,0.827801068,0.146919542,-0.478176193,0.253983401
0.020010233,11.402539140,7.937221088,24.163601861,0.827801068,0.146919542,-0.478176193,0.253983401
0.030011415,11.402539140,7.937221088,24.163601861,0.827801068,0.146919542,-0.478176193,0.253983401
0.040012836,11.402539140,7.937221088,24.163601861,0.827801068,0.146919542,-0.478176193,0.253983401
0.050013065,11.402539140,7.937221088,24.163601861,0.827801068,0.146919542,-0.478176193,0.253983401
0.060014725,11.402539140,7.937221088,24.163601861,0.827801068,0.146919542,-0.478176193,0.253983401
0.070015669,11.204939686,8.213322435,24.163788836,0.824653472,0.152648941,-0.476381295,0.264018585
0.080015659,11.133404919,8.309846053,24.163858494,0.823527968,0.154572216,-0.475762964,0.267504612
0.090017557,11.074406636,8.388134774,24.163921737,0.822593128,0.156161269,-0.475247190,0.270359598
0.100018263,11.041422722,8.431397724,24.163959608,0.822064780,0.157066267,-0.474951462,0.271957338
0.110018253,10.954927772,8.543221487,24.164053307,0.820660604,0.159507858,-0.474142512,0.276156286
0.120020151,10.874063025,8.645677735,24.164139583,0.819327368,0.161847046,-0.473354406,0.280078210
0.130021572,10.833217036,8.696680285,24.164185125,0.818650242,0.163029221,-0.472951315,0.282046642
0.140022278,10.826381081,8.705167552,24.164192513,0.818536595,0.163225781,-0.472884293,0.282374985
0.150023937,10.826381081,8.705167552,24.164192513,0.818536595,0.163225781,-0.472884293,0.282374985
0.160023928,10.826381081,8.705167552,24.164192513,0.818536595,0.163225781,-0.472884293,0.282374985
0.170025349,10.778299546,8.764496678,24.164242310,0.817740292,0.164598336,-0.472411035,0.284668258
0.180027008,10.778299546,8.764496678,24.164242310,0.817740292,0.164598336,-0.472411035,0.284668258
0.190026999,10.694929044,8.865832463,24.164323173,0.816369457,0.166902280,-0.471604763,0.288571456
0.200027704,10.489261613,9.107852295,24.164489073,0.813062652,0.172081797,-0.469738629,0.297762657
0.210029364,10.489261613,9.107852295,24.164489073,0.813062652,0.172081797,-0.469738629,0.297762657
0.220029593,10.474915716,9.124319818,24.164501334,0.812834299,0.172424885,-0.469612593,0.298385780
0.230029821,10.344933038,9.271121403,24.164624824,0.810742470,0.175554856,-0.468457292,0.304014645
0.240031004,10.315812907,9.303443329,24.164653259,0.810268371,0.176273953,-0.468187737,0.305275129
0.250032902,10.286593792,9.335669247,24.164681127,0.809788227,0.177005139,-0.467913444,0.306543989
0.260033369,10.161290567,9.471609807,24.164799154,0.807696578,0.180247529,-0.466679325,0.312005568
0.270035505,10.131502044,9.503393466,24.164828897,0.807191336,0.181039567,-0.466374193,0.313308050
0.280035734,10.131502044,9.503393466,24.164828897,0.807191336,0.181039567,-0.466374193,0.313308050
0.290035725,10.124039389,9.511326407,24.164836175,0.807065510,0.181236355,-0.466297725,0.313632074
0.300037146,10.124039389,9.511326407,24.164836175,0.807065510,0.181236355,-0.466297725,0.313632074
0.310038805,9.957802999,9.684884940,24.164981714,0.804268844,0.185477699,-0.464632223,0.320728150
0.320039034,9.850121314,9.794236357,24.165053922,0.802496234,0.188008481,-0.463611507,0.325141472
0.330040693,9.842387726,9.801998194,24.165058823,0.802370553,0.188181660,-0.463540991,0.325451853
0.340041399,9.842387726,9.801998194,24.165058823,0.802370553,0.188181660,-0.463540991,0.325451853
0.350043058,9.842387726,9.801998194,24.165058823,0.802370553,0.188181660,-0.463540991,0.325451853
0.360047102,9.842387726,9.801998194,24.165058823,0.802370553,0.188181660,-0.463540991,0.325451853
0.370047569,9.710228101,9.932737728,24.165153633,0.800228891,0.191066381,-0.462357864,0.330684995
0.380047560,9.553178009,10.083578605,24.165285580,0.797651322,0.194515140,-0.460921404,0.336849651
0.390048981,9.553178009,10.083578605,24.165285580,0.797651322,0.194515140,-0.460921404,0.336849651
0.400051117,9.385948438,10.239110579,24.165422756,0.794819172,0.198429154,-0.459254618,0.343472778
0.410051346,9.321465322,10.297721973,24.165477674,0.793705297,0.199986506,-0.458581641,0.346034937
0.420053005,9.321465322,10.297721973,24.165477674,0.793705297,0.199986506,-0.458581641,0.346034937
0.430054903,9.321465322,10.297721973,24.165477674,0.793705297,0.199986506,-0.458581641,0.346034937
0.440056562,9.141627925,10.457415178,24.165610175,0.790632680,0.204132307,-0.456752957,0.352996745
0.450057268,9.141627925,10.457415178,24.165610175,0.790632680,0.204132307,-0.456752957,0.352996745
0.460057259,9.067074365,10.522054790,24.165649528,0.789385152,0.205730283,-0.456031805,0.355782414
0.470057964,9.008821202,10.571915172,24.165681180,0.788421670,0.206917844,-0.455492239,0.357914929
0.480059862,8.942006862,10.628409842,24.165722002,0.787319298,0.208252191,-0.454882324,0.360335147
0.490061045,8.858188455,10.698263114,24.165774826,0.785931121,0.209921020,-0.454113795,0.363353958
0.500062943,8.858188455,10.698263114,24.165774826,0.785931121,0.209921020,-0.454113795,0.363353958
0.510065794,8.858188455,10.698263114,24.165774826,0.785931121,0.209921020,-0.454113795,0.363353958
0.520066023,8.714815284,10.815147172,24.165881465,0.783514584,0.212858905,-0.452747240,0.368532115
0.530066967,8.621290652,10.889710056,24.165947320,0.781901718,0.214875207,-0.451794798,0.371940599
0.540067196,8.621290652,10.889710056,24.165947320,0.781901718,0.214875207,-0.451794798,0.371940599
0.550071001,8.621290652,10.889710056,24.165947320,0.781901718,0.214875207,-0.451794798,0.371940599
0.560072184,8.466676836,11.010119169,24.166057511,0.779199694,0.218259072,-0.450173200,0.377564437
0.570073605,8.466676836,11.010119169,24.166057511,0.779199694,0.218259072,-0.450173200,0.377564437
0.580074072,8.336076622,11.109166764,24.166139496,0.776930214,0.221018502,-0.448824658,0.382212886
0.590074778,8.336076622,11.109166764,24.166139496,0.776930214,0.221018502,-0.448824658,0.382212886
0.600075483,8.186251025,11.219911039,24.166209560,0.774368164,0.223990342,-0.447343590,0.387383511
0.610075474,8.186251025,11.219911039,24.166209560,0.774368164,0.223990342,-0.447343590,0.387383511
0.620076418,8.159679515,11.239228464,24.166221789,0.773919833,0.224487905,-0.447093466,0.388279160
0.630077600,7.981832687,11.366055943,24.166313170,0.770913009,0.227784490,-0.445419490,0.394219274
0.640078783,7.981832687,11.366055943,24.166313170,0.770913009,0.227784490,-0.445419490,0.394219274
0.650079966,7.981832687,11.366055943,24.166313170,0.770913009,0.227784490,-0.445419490,0.394219274
0.660081625,7.981832687,11.366055943,24.166313170,0.770913009,0.227784490,-0.445419490,0.394219274
0.670082092,7.793698824,11.495641739,24.166431425,0.767646792,0.231434032,-0.443536555,0.400539656
0.680084229,7.721506572,11.544173218,24.166474144,0.766369514,0.232886091,-0.442776506,0.402977422
0.690085173,7.667143284,11.580286729,24.166506354,0.765404964,0.233976590,-0.442201978,0.404805641
0.700085402,7.667143284,11.580286729,24.166506354,0.765404964,0.233976590,-0.442201978,0.404805641
0.710087538,7.667143284,11.580286729,24.166506354,0.765404964,0.233976590,-0.442201978,0.404805641
0.720087767,7.530211135,11.669637344,24.166587303,0.762970363,0.236703132,-0.440749587,0.409374710
0.730089188,7.530211135,11.669637344,24.166587303,0.762970363,0.236703132,-0.440749587,0.409374710
0.740093946,7.447315385,11.722636111,24.166629971,0.761503482,0.238309350,-0.439882569,0.412097593
0.750094652,7.289364604,11.821408189,24.166689934,0.758739560,0.241236350,-0.438278494,0.417170545
0.760096312,7.195950252,11.878445599,24.166725867,0.757127297,0.242862567,-0.437376829,0.420092297
0.770100832,7.158516624,11.901017812,24.166741216,0.756481031,0.243509246,-0.437016024,0.421256089
0.780102968,7.139788332,11.912249404,24.166748995,0.756156712,0.243832655,-0.436835466,0.421838167
0.790103912,6.942604910,12.028058413,24.166847939,0.752692015,0.247329377,-0.434865539,0.427989337
0.800105095,6.933182096,12.033483411,24.166852684,0.752523473,0.247502441,-0.434767196,0.428285477
0.810106754,6.933182096,12.033483411,24.166852684,0.752523473,0.247502441,-0.434767196,0.428285477
0.820107698,6.772352879,12.124581085,24.166932397,0.749623523,0.250495981,-0.433050230,0.433340323
0.830107689,6.715265472,12.156237118,24.166961919,0.748588687,0.251555106,-0.432436771,0.435124632
0.840109110,6.705729903,12.161490487,24.166967125,0.748415673,0.251732252,-0.432333721,0.435422103
0.850111723,6.542668102,12.249852673,24.167043160,0.745456682,0.254725926,-0.430576859,0.440468621
0.860113144,6.474988378,12.285715133,24.167070739,0.744233743,0.255936032,-0.429858007,0.442532459
0.870115280,6.387548088,12.331366376,24.167097695,0.742663884,0.257464249,-0.428941210,0.445165086
0.880118132,6.358331584,12.346450691,24.167102996,0.742143664,0.257957787,-0.428643466,0.446032892
0.890118122,6.251017427,12.401086882,24.167133607,0.740244867,0.259717285,-0.427576392,0.449180250
0.900120258,6.231480425,12.410906539,24.167139857,0.739899319,0.260034242,-0.427383174,0.449749723
0.910125256,6.231480425,12.410906539,24.167139857,0.739899319,0.260034242,-0.427383174,0.449749723
0.920128345,6.065225211,12.492897572,24.167200843,0.736933127,0.262751785,-0.425716813,0.454594610
0.930130005,6.026033233,12.511816270,24.167219558,0.736222214,0.263413012,-0.425308448,0.455744622
0.940131187,5.908180210,12.567810673,24.167269443,0.734059839,0.265449583,-0.424041147,0.459218660
0.950132608,5.908180210,12.567810673,24.167269443,0.734059839,0.265449583,-0.424041147,0.459218660
0.960133314,5.908180210,12.567810673,24.167269443,0.734059839,0.265449583,-0.424041147,0.459218660
0.970134258,5.908180210,12.567810673,24.167269443,0.734059839,0.265449583,-0.424041147,0.459218660
0.980134487,5.908180210,12.567810673,24.167269443,0.734059839,0.265449583,-0.424041147,0.459218660
0.990134716,5.560930375,12.725036156,24.167409032,0.727614282,0.271460384,-0.420220388,0.469362911
1.000135899,5.560930375,12.725036156,24.167409032,0.727614282,0.271460384,-0.420220388,0.469362911
1.010136843,5.550908530,12.729405695,24.167412434,0.727428316,0.271629908,-0.420110777,0.469651118
1.020137310,5.480592405,12.759802482,24.167435259,0.726125640,0.272807986,-0.419346184,0.471663159
1.030138016,5.278592208,12.844639012,24.167475240,0.722433397,0.276021385,-0.417231905,0.477304640
1.040141344,5.167234125,12.889801012,24.167503088,0.720407250,0.277723533,-0.416099089,0.480358804
1.050142765,5.167234125,12.889801012,24.167503088,0.720407250,0.277723533,-0.416099089,0.480358804
1.060143232,5.167234125,12.889801012,24.167503088,0.720407250,0.277723533,-0.416099089,0.480358804
1.070143938,5.005112679,12.953522399,24.167559162,0.717408014,0.280265104,-0.414392519,0.484825797
1.080144882,4.893359839,12.996087074,24.167597667,0.715298558,0.282090576,-0.413152925,0.487931902
1.090146303,4.883183987,12.999908321,24.167601138,0.715105517,0.282257890,-0.413038713,0.488214712
1.100148201,4.883183987,12.999908321,24.167601138,0.715105517,0.282257890,-0.413038713,0.488214712
1.110150337,4.709652911,13.063677267,24.167661858,0.711801444,0.285103355,-0.411081515,0.493018022
1.120151043,4.709652911,13.063677267,24.167661858,0.711801444,0.285103355,-0.411081515,0.493018022
1.130152702,4.576025429,13.111015360,24.167704231,0.709247105,0.287278013,-0.409565325,0.496685143
1.140154839,4.493343484,13.139547671,24.167726582,0.707670429,0.288597340,-0.408636558,0.498929155
1.150157213,4.441497724,13.157144613,24.167739413,0.706684233,0.289411940,-0.408059760,0.500325251
1.160157919,4.441497724,13.157144613,24.167739413,0.706684233,0.289411940,-0.408059760,0.500325251
1.172267675,4.254242621,13.218859099,24.167762620,0.703168897,0.292214212,-0.406053186,0.505257526
1.182268858,4.129286217,13.258392187,24.167786182,0.700829338,0.294020179,-0.404746346,0.508498544
1.192270517,4.129286217,13.258392187,24.167786182,0.700829338,0.294020179,-0.404746346,0.508498544
1.202271223,4.087644397,13.271276761,24.167795063,0.700044342,0.294626721,-0.404304940,0.509578777
1.212272167,3.910540232,13.324449322,24.167848936,0.696642723,0.297301606,-0.402344439,0.514217487
1.222272396,3.910540232,13.324449322,24.167848936,0.696642723,0.297301606,-0.402344439,0.514217487
1.232274055,3.868798964,13.336610027,24.167860684,0.695829620,0.297950275,-0.401864733,0.515316903
1.242274046,3.753806379,13.369381645,24.167892345,0.693579467,0.299742676,-0.400530664,0.518340658
1.252274513,3.722385546,13.378149527,24.167901047,0.692962812,0.300229739,-0.400166265,0.519164333
1.262277126,3.543577886,13.426539321,24.167951176,0.689442526,0.302998763,-0.398075573,0.523828780
1.272278070,3.543577886,13.426539321,24.167951176,0.689442526,0.302998763,-0.398075573,0.523828780
1.282278538,3.543577886,13.426539321,24.167951176,0.689442526,0.302998763,-0.398075573,0.523828780
1.292280197,3.342140718,13.478044123,24.167986668,0.685493839,0.306016018,-0.395760324,0.528985973
1.302283049,3.299587217,13.488527596,24.167986610,0.684669191,0.306623237,-0.395289501,0.530053299
1.312283993,3.288946615,13.491125843,24.167987111,0.684463618,0.306772940,-0.395173234,0.530318804
1.322286129,3.182525955,13.516612033,24.167998364,0.682413198,0.308243524,-0.394026829,0.532954984
1.332289934,3.129328514,13.529017311,24.168005321,0.681387158,0.308971502,-0.393456339,0.534266096
1.342290401,2.948620485,13.569488513,24.168042447,0.677860908,0.311483025,-0.391473381,0.538731387
1.352291584,2.948620485,13.569488513,24.168042447,0.677860908,0.311483025,-0.391473381,0.538731387
1.362292767,2.948620485,13.569488513,24.168042447,0.677860908,0.311483025,-0.391473381,0.538731387
1.372292757,2.757125647,13.609615224,24.168087373,0.674021181,0.314296162,-0.389221691,0.543525386
1.382292747,2.746471965,13.611765232,24.168089774,0.673805627,0.314454678,-0.389093816,0.543792456
1.392294407,2.746471965,13.611765232,24.168089774,0.673805627,0.314454678,-0.389093816,0.543792456
1.402294636,2.500611203,13.658975718,24.168146824,0.668806736,0.318096712,-0.386126731,0.549925612
1.412296057,2.500611203,13.658975718,24.168146824,0.668806736,0.318096712,-0.386126731,0.549925612
1.422299385,2.500611203,13.658975718,24.168146824,0.668806736,0.318096712,-0.386126731,0.549925612
1.432300568,2.306740411,13.692999112,24.168177970,0.664867084,0.320880867,-0.383819137,0.554680179
1.442301273,2.209470865,13.709034698,24.168175343,0.662910807,0.322207074,-0.382707285,0.557016156
1.452301979,2.198662264,13.710771567,24.168175761,0.662694614,0.322350601,-0.382586538,0.557273254
1.462303638,2.198662264,13.710771567,24.168175761,0.662694614,0.322350601,-0.382586538,0.557273254
1.472305536,1.950361529,13.748248462,24.168197553,0.657715493,0.325604637,-0.379825460,0.563138145
1.482306480,1.950361529,13.748248462,24.168197553,0.657715493,0.325604637,-0.379825460,0.563138145
1.492307425,1.950361529,13.748248462,24.168197553,0.657715493,0.325604637,-0.379825460,0.563138145
1.502308130,1.756394559,13.774299852,24.168237841,0.653721169,0.328271653,-0.377527743,0.567766817
1.512310266,1.626964724,13.790144252,24.168261181,0.651007282,0.330106385,-0.375927632,0.570874512
1.522578478,1.605372440,13.792667869,24.168264865,0.650553027,0.330412095,-0.375659469,0.571391784
1.532579184,1.605372440,13.792667869,24.168264865,0.650553027,0.330412095,-0.375659469,0.571391784
1.542580366,1.605372440,13.792667869,24.168264865,0.650553027,0.330412095,-0.375659469,0.571391784
1.552582026,1.421365923,13.812779788,24.168299928,0.646666882,0.333008724,-0.373363926,0.575783390
1.562584877,1.421365923,13.812779788,24.168299928,0.646666882,0.333008724,-0.373363926,0.575783390
1.572586298,1.367057457,13.818246681,24.168307355,0.645519084,0.333763842,-0.372690150,0.577069200
1.582590103,1.356185111,13.819315423,24.168308729,0.645289447,0.333914031,-0.372555804,0.577325837
1.592590332,1.039984704,13.846679847,24.168317269,0.638670327,0.338070674,-0.368792093,0.584637345
1.602591753,0.963728071,13.852189415,24.168320462,0.637086022,0.339024207,-0.367916499,0.586362890
1.612592220,0.963728071,13.852189415,24.168320462,0.637086022,0.339024207,-0.367916499,0.586362890
1.622592926,0.963728071,13.852189415,24.168320462,0.637086022,0.339024207,-0.367916499,0.586362890
1.632592916,0.963728071,13.852189415,24.168320462,0.637086022,0.339024207,-0.367916499,0.586362890
1.642593145,0.920202847,13.855143776,24.168323082,0.636178330,0.339570613,-0.367412701,0.587347289
1.652604818,0.920202847,13.855143776,24.168323082,0.636178330,0.339570613,-0.367412701,0.587347289
1.662604809,0.485819199,13.877057470,24.168386658,0.626854978,0.345333208,-0.362007154,0.597284382
1.672605276,0.464075306,13.877794253,24.168391047,0.626380194,0.345627183,-0.361726787,0.597782097
1.682605267,0.464075306,13.877794253,24.168391047,0.626380194,0.345627183,-0.361726787,0.597782097
1.692606449,0.442321425,13.878497902,24.168395034,0.625904613,0.345921459,-0.361445656,0.598279866
1.702608109,0.180396738,13.884326625,24.168422155,0.620169668,0.349409587,-0.358076939,0.604221340
1.712609291,0.169448519,13.884463432,24.168422806,0.619930406,0.349551743,-0.357938225,0.604466788
1.722611427,0.169448519,13.884463432,24.168422806,0.619930406,0.349551743,-0.357938225,0.604466788
1.732613564,-0.016713672,13.885502890,24.168412832,0.615896512,0.351874849,-0.355654487,0.608576587
1.742613792,-0.136892307,13.884837305,24.168413052,0.613304712,0.353319928,-0.354218939,0.611188434
1.752615452,-0.136892307,13.884837305,24.168413052,0.613304712,0.353319928,-0.354218939,0.611188434
1.762616158,-0.202292332,13.884034981,24.168415031,0.611885184,0.354111610,-0.353427571,0.612609534
1.772617579,-0.387149300,13.880072243,24.168437903,0.607798064,0.356436129,-0.351084090,0.616664221
1.782618284,-0.452320641,13.878089488,24.168445012,0.606333199,0.357281589,-0.350223940,0.618104448
1.792618752,-0.539204248,13.874970663,24.168453910,0.604370179,0.358413143,-0.349066147,0.620023815
1.802619934,-0.550065458,13.874542590,24.168454955,0.604124256,0.358554460,-0.348921018,0.620263416
1.812621117,-0.615247252,13.871791613,24.168463115,0.602646086,0.359401381,-0.348048856,0.621699555
1.822621107,-0.702249389,13.867641840,24.168473757,0.600664998,0.360532571,-0.346877272,0.623613649
1.832621336,-0.702249389,13.867641840,24.168473757,0.600664998,0.360532571,-0.346877272,0.623613649
1.842622519,-0.931289840,13.854126456,24.168485416,0.595444247,0.363450460,-0.343818585,0.628600583
1.852623224,-0.996868657,13.849574317,24.168478081,0.593956284,0.364257357,-0.342963013,0.630007050
1.862624407,-0.996868657,13.849574317,24.168478081,0.593956284,0.364257357,-0.342963013,0.630007050
1.872625828,-1.007795761,13.848786566,24.168476227,0.593709553,0.364389117,-0.342822883,0.630239644
1.882626057,-1.182297989,13.835001339,24.168464596,0.589789609,0.366427722,-0.340641431,0.633910370
1.892626286,-1.269237598,13.827299538,24.168462906,0.587828026,0.367436487,-0.339552390,0.635730143
1.902626991,-1.334281294,13.821171039,24.168465344,0.586348621,0.368200745,-0.338723109,0.637095096
1.912627459,-1.485710348,13.805692039,24.168479141,0.582840071,0.370051031,-0.336700077,0.640306758
1.922630310,-1.485710348,13.805692039,24.168479141,0.582840071,0.370051031,-0.336700077,0.640306758
1.932631493,-1.507316823,13.803347366,24.168480664,0.582333578,0.370320777,-0.336403250,0.640767493
1.942631483,-1.658465928,13.785989433,24.168489977,0.578767935,0.372216733,-0.334303148,0.643990517
1.952632189,-1.744831113,13.775311474,24.168498764,0.576717535,0.373298934,-0.333093613,0.645827713
1.962633371,-1.831281017,13.764079578,24.168503032,0.574657089,0.374380386,-0.331876737,0.647662249
1.972633600,-1.917828800,13.752286201,24.168504517,0.572593296,0.375449812,-0.330665261,0.649488138
1.982634544,-2.069487954,13.730300181,24.168495413,0.568984654,0.377277099,-0.328576035,0.652653234
1.992636681,-2.069487954,13.730300181,24.168495413,0.568984654,0.377277099,-0.328576035,0.652653234
2.002636671,-2.231679962,13.704910971,24.168474133,0.565170658,0.379114908,-0.326449748,0.655960804
2.012637377,-2.285565586,13.696035743,24.168469808,0.563903639,0.379714548,-0.325750762,0.657050979
2.022638321,-2.339343627,13.686959387,24.168466411,0.562634422,0.380315035,-0.325048224,0.658138764
2.032640696,-2.542828261,13.650613264,24.168471438,0.557747545,0.382667977,-0.322271216,0.662287067
2.042641878,-2.542828261,13.650613264,24.168471438,0.557747545,0.382667977,-0.322271216,0.662287067
2.052642584,-2.564192667,13.646615444,24.168471966,0.557225058,0.382924747,-0.321965743,0.662726892
2.062643766,-2.564192667,13.646615444,24.168471966,0.557225058,0.382924747,-0.321965743,0.662726892
2.072646379,-2.574871891,13.644604126,24.168472219,0.556963355,0.383053565,-0.321812306,0.662946926
2.082647800,-2.596224827,13.640556610,24.168472689,0.556439100,0.383311953,-0.321504169,0.663387175
2.092649460,-2.649578961,13.630292005,24.168473635,0.555124259,0.383961095,-0.320727847,0.664488211
2.102650166,-2.745540556,13.611285759,24.168474313,0.552747853,0.385132835,-0.319318582,0.666466919
2.112651348,-2.745540556,13.611285759,24.168474313,0.552747853,0.385132835,-0.319318582,0.666466919
2.122651577,-2.756199215,13.609130276,24.168474985,0.552483213,0.385262992,-0.319161440,0.666686359
2.132652521,-2.948147932,13.568836917,24.168477461,0.547696345,0.387598294,-0.316319207,0.670625406
2.142653465,-3.033544847,13.550007090,24.168473177,0.545565643,0.388615715,-0.315067316,0.672360426
2.152653933,-3.353087738,13.474576541,24.168421596,0.537666906,0.392187471,-0.310602845,0.678696661
2.162654161,-3.405998784,13.461309324,24.168415315,0.536358787,0.392761881,-0.309875320,0.679731301
2.172657490,-3.405998784,13.461309324,24.168415315,0.536358787,0.392761881,-0.309875320,0.679731301
2.182658911,-3.405998784,13.461309324,24.168415315,0.536358787,0.392761881,-0.309875320,0.679731301
2.192661524,-3.616554065,13.406279120,24.168408908,0.531053529,0.395139887,-0.306836719,0.683884382
2.202664375,-3.721385869,13.377560712,24.168405086,0.528346679,0.396380715,-0.305232331,0.685977653
2.212666273,-3.742327030,13.371718334,24.168404142,0.527802929,0.396629950,-0.304908459,0.686396083
2.222667694,-3.784188519,13.359933688,24.168402039,0.526714128,0.397127879,-0.304259776,0.687231885
2.232668877,-3.972435157,13.305176922,24.168395231,0.521789995,0.399360752,-0.301324433,0.690977407
2.242671728,-3.993351930,13.298916145,24.168393445,0.521241291,0.399606015,-0.300999163,0.691391389
2.252672672,-3.993351930,13.298916145,24.168393445,0.521241291,0.399606015,-0.300999163,0.691391389
2.262674809,-4.192045049,13.237675304,24.168361952,0.516034387,0.401876932,-0.297958833,0.695286974
2.272675037,-4.192045049,13.237675304,24.168361952,0.516034387,0.401876932,-0.297958833,0.695286974
2.282676458,-4.254671611,13.217708919,24.168343997,0.514406493,0.402558273,-0.297036592,0.696492685
2.292679310,-4.348316698,13.187231831,24.168322964,0.511981242,0.403550900,-0.295685204,0.698277982
2.302680492,-4.493153023,13.138629401,24.168295976,0.508205174,0.405086890,-0.293576435,0.701031376
2.312681437,-4.595989554,13.103015138,24.168289257,0.505476091,0.406217302,-0.292011835,0.703001077
2.322682619,-4.595989554,13.103015138,24.168289257,0.505476091,0.406217302,-0.292011835,0.703001077
2.332683802,-4.595989554,13.103015138,24.168289257,0.505476091,0.406217302,-0.292011835,0.703001077
2.342688560,-4.810813258,13.025698848,24.168267060,0.499636097,0.408677044,-0.288562223,0.707162419
2.352688789,-4.871987674,13.002945532,24.168261989,0.497955525,0.409381983,-0.287562660,0.708346246
2.362690449,-4.871987674,13.002945532,24.168261989,0.497955525,0.409381983,-0.287562660,0.708346246
2.372691154,-4.984044683,12.960420989,24.168249629,0.494859379,0.410670504,-0.285721192,0.710512021
2.382693291,-5.106207319,12.912807481,24.168228916,0.491474661,0.412053285,-0.283724487,0.712857043
2.392693520,-5.126558637,12.904747125,24.168224869,0.490910737,0.412280358,-0.283394535,0.713245464
2.402693748,-5.126558637,12.904747125,24.168224869,0.490910737,0.412280358,-0.283394535,0.713245464
2.412694693,-5.319434927,12.826546058,24.168163663,0.485593269,0.414349054,-0.280358658,0.716877299
2.422695875,-5.319434927,12.826546058,24.168163663,0.485593269,0.414349054,-0.280358658,0.716877299
2.432697773,-5.400153033,12.792809986,24.168139869,0.483378501,0.415180250,-0.279125732,0.718372752
2.442699432,-5.490509097,12.754328235,24.168116029,0.480882437,0.416114917,-0.277730399,0.720046029
2.452702522,-5.490509097,12.754328235,24.168116029,0.480882437,0.416114917,-0.277730399,0.720046029
2.462704182,-5.540496688,12.732705503,24.168106571,0.479488600,0.416641776,-0.276940510,0.720974526
2.472706079,-5.540496688,12.732705503,24.168106571,0.479488600,0.416641776,-0.276940510,0.720974526
2.484163284,-5.838127393,12.599083344,24.168054685,0.470948197,0.419932336,-0.271930548,0.726579937
2.494163513,-5.838127393,12.599083344,24.168054685,0.470948197,0.419932336,-0.271930548,0.726579937
2.504165411,-5.995827526,12.524841436,24.168025763,0.466329763,0.421698121,-0.269187761,0.729551367
2.514165401,-6.064713736,12.491657068,24.168008607,0.464302962,0.422460194,-0.267991116,0.730842600
2.524166584,-6.074549585,12.486881039,24.168005969,0.464013427,0.422568211,-0.267820872,0.731026420
2.534179688,-6.094217207,12.477302438,24.168000565,0.463434465,0.422783555,-0.267481024,0.731393509
2.544180870,-6.329373320,12.359832977,24.167907902,0.456542883,0.425249137,-0.263541892,0.735715596
2.554181814,-6.348844903,12.349854963,24.167900220,0.455975002,0.425445165,-0.263225426,0.736067649
2.564182043,-6.348844903,12.349854963,24.167900220,0.455975002,0.425445165,-0.263225426,0.736067649
2.574182272,-6.348844903,12.349854963,24.167900220,0.455975002,0.425445165,-0.263225426,0.736067649
2.584183216,-6.358570757,12.344856457,24.167896451,0.455691283,0.425542724,-0.263067681,0.736243329
2.594184399,-6.378003997,12.334839930,24.167889038,0.455123586,0.425737535,-0.262752165,0.736594442
2.604186296,-6.503685960,12.269110226,24.167844409,0.451423868,0.427009386,-0.260681016,0.738867298
2.614187241,-6.666547554,12.181444312,24.167804549,0.446503011,0.428738004,-0.257832041,0.741850001
2.624188185,-6.761741199,12.128904120,24.167777740,0.443568709,0.429778015,-0.256096762,0.743607495
2.634189367,-6.903892869,12.048616840,24.167739068,0.439142119,0.431334846,-0.253469569,0.746228938
2.644190311,-6.979498436,12.005018367,24.167714682,0.436770065,0.432158936,-0.252063349,0.747619310
2.654191256,-7.007819305,11.988525043,24.167704752,0.435879904,0.432465315,-0.251537749,0.748138504
2.664191246,-7.083251868,11.944160096,24.167676295,0.433507957,0.433272412,-0.250146015,0.749515069
2.674194098,-7.111503443,11.927380406,24.167664958,0.432619152,0.433571171,-0.249628073,0.750028356
2.684195042,-7.233539924,11.853888728,24.167598124,0.428797124,0.434818732,-0.247446968,0.752220510
2.694196224,-7.308165254,11.808093969,24.167560080,0.426470866,0.435554839,-0.246149539,0.753541629
2.704196215,-7.308165254,11.808093969,24.167560080,0.426470866,0.435554839,-0.246149539,0.753541629
2.714196444,-7.308165254,11.808093969,24.167560080,0.426470866,0.435554839,-0.246149539,0.753541629
2.724198103,-7.456101985,11.715362192,24.167492332,0.421813712,0.437015734,-0.243547547,0.756158074
2.734199762,-7.575083484,11.638853795,24.167450567,0.417970881,0.438244824,-0.241331938,0.758288014
2.744201422,-7.593308711,11.626982866,24.167443698,0.417373962,0.438438234,-0.240981210,0.758616470
2.754203796,-7.593308711,11.626982866,24.167443698,0.417373962,0.438438234,-0.240981210,0.758616470
2.764204979,-7.693204509,11.561196535,24.167404670,0.414072105,0.439505939,-0.239030080,0.760423200
2.774204969,-7.693204509,11.561196535,24.167404670,0.414072105,0.439505939,-0.239030080,0.760423200
2.784204960,-7.720355418,11.543102736,24.167393632,0.413168709,0.439797200,-0.238494356,0.760914242
2.794204950,-7.729397612,11.537056696,24.167389908,0.412867259,0.439894079,-0.238315687,0.761077827
2.804207563,-7.729397612,11.537056696,24.167389908,0.412867259,0.439894079,-0.238315687,0.761077827
2.814300299,-8.088656707,11.288410785,24.167216450,0.400758694,0.443679744,-0.231194697,0.767521834
2.824301720,-8.168647259,11.230760563,24.167164224,0.398074005,0.444465114,-0.229682724,0.768917222
2.834303617,-8.168647259,11.230760563,24.167164224,0.398074005,0.444465114,-0.229682724,0.768917222
2.844305515,-8.168647259,11.230760563,24.167164224,0.398074005,0.444465114,-0.229682724,0.768917222
2.854307413,-8.326929157,11.114096058,24.167068259,0.392732929,0.445987165,-0.226713296,0.771658847
2.864308357,-8.439800569,11.028728554,24.167014328,0.388830606,0.447112494,-0.224488595,0.773631726
2.874309301,-8.439800569,11.028728554,24.167014328,0.388830606,0.447112494,-0.224488595,0.773631726
2.884310007,-8.439800569,11.028728554,24.167014328,0.388830606,0.447112494,-0.224488595,0.773631726
2.894311666,-8.500159256,10.982333579,24.166984178,0.386699136,0.447736383,-0.223242318,0.774699153
2.904311657,-8.688260607,10.834323393,24.166888418,0.379924845,0.449719575,-0.219221218,0.778043362
2.914314270,-8.688260607,10.834323393,24.166888418,0.379924845,0.449719575,-0.219221218,0.778043362
2.924316168,-8.688260607,10.834323393,24.166888418,0.379924845,0.449719575,-0.219221218,0.778043362
2.934316397,-8.882987780,10.675482941,24.166772470,0.372803055,0.451745821,-0.215016224,0.781480402
2.944319248,-8.899833383,10.661466012,24.166761373,0.372185760,0.451916127,-0.214657882,0.781774628
2.954321146,-8.899833383,10.661466012,24.166761373,0.372185760,0.451916127,-0.214657882,0.781774628
2.964322090,-8.908251185,10.654445156,24.166755766,0.371876948,0.452001003,-0.214478888,0.781921630
2.974735498,-9.083605960,10.505636668,24.166614485,0.365487891,0.453687723,-0.210885934,0.784928770
2.984735489,-9.149553057,10.448352102,24.166565979,0.363071380,0.454307945,-0.209546438,0.786049461
2.994735956,-9.157759716,10.441172503,24.166560091,0.362769109,0.454384972,-0.209378967,0.786189111
3.004735947,-9.157759716,10.441172503,24.166560091,0.362769109,0.454384972,-0.209378967,0.786189111
3.014738083,-9.288086602,10.325579118,24.166478541,0.357881694,0.455652328,-0.206606483,0.788425907
3.024738312,-9.296175787,10.318308140,24.166473440,0.357572306,0.455733424,-0.206427149,0.788566373
3.034738302,-9.304259529,10.311030450,24.166468323,0.357262272,0.455815048,-0.206246615,0.788706945
3.044738293,-9.376741148,10.245258919,24.166421729,0.354457140,0.456558596,-0.204595270,0.789971620
3.054738522,-9.464721702,10.164162638,24.166363839,0.351000201,0.457474039,-0.202538079,0.791514175
3.064739704,-9.536283162,10.097150073,24.166318039,0.348158529,0.458221958,-0.200840300,0.792768220
3.074741125,-9.646958297,9.991639800,24.166237606,0.343736972,0.459359920,-0.198221659,0.794695874
3.084741354,-9.646958297,9.991639800,24.166237606,0.343736972,0.459359920,-0.198221659,0.794695874
3.094742537,-9.780217458,9.861504986,24.166118364,0.338408473,0.460673826,-0.195145039,0.796980392
3.104743958,-9.795775188,9.846082661,24.166104011,0.337791589,0.460819487,-0.194800563,0.797242111
3.114745140,-9.795775188,9.846082661,24.166104011,0.337791589,0.460819487,-0.194800563,0.797242111
3.124745369,-9.834558860,9.807425252,24.166067929,0.336248011,0.461182111,-0.193939532,0.797894601
3.134747028,-9.972526536,9.667381124,24.165945311,0.330713015,0.462456806,-0.190874650,0.800205894
3.144748449,-9.972526536,9.667381124,24.165945311,0.330713015,0.462456806,-0.190874650,0.800205894
3.154748678,-9.987694031,9.651735735,24.165933837,0.330094841,0.462599608,-0.190528141,0.800461134
3.164748669,-10.017930068,9.620394915,24.165912803,0.328856904,0.462886251,-0.189830938,0.800970455
3.174748898,-10.174926829,9.454482892,24.165789732,0.322228650,0.464449642,-0.185965780,0.803661593
3.184752226,-10.174926829,9.454482892,24.165789732,0.322228650,0.464449642,-0.185965780,0.803661593
3.194752216,-10.182334624,9.446518878,24.165783740,0.321908664,0.464525648,-0.185775183,0.803789970
3.204753637,-10.182334624,9.446518878,24.165783740,0.321908664,0.464525648,-0.185775183,0.803789970
3.214754343,-10.248746348,9.374548499,24.165731815,0.319023137,0.465210413,-0.184050772,0.804940261
3.224754572,-10.416687263,9.187928274,24.165587823,0.311633409,0.466918131,-0.179664231,0.807832187
3.234755039,-10.431176352,9.171509391,24.165574281,0.310992529,0.467061218,-0.179290165,0.808079515
3.244756937,-10.431176352,9.171509391,24.165574281,0.310992529,0.467061218,-0.179290165,0.808079515
3.254757166,-10.438414130,9.163287449,24.165567445,0.310672273,0.467132860,-0.179103119,0.808202760
3.264763594,-10.603121209,8.972633256,24.165387724,0.303413884,0.468680982,-0.175000771,0.810958003
3.274763823,-10.631348940,8.939240215,24.165357863,0.302166189,0.468938413,-0.174310247,0.811423624
3.284765482,-10.708277593,8.847141759,24.165279013,0.298726780,0.469640503,-0.172402599,0.812697639
3.294767380,-10.715219882,8.838746452,24.165273424,0.298412602,0.469704927,-0.172226511,0.812813158
3.304769039,-10.722153531,8.830347110,24.165267927,0.298098426,0.469769710,-0.172049811,0.812928417
3.314769745,-10.838911395,8.686909300,24.165161085,0.292686414,0.470895550,-0.168933550,0.814894778
3.324769735,-10.845717368,8.678427686,24.165154700,0.292363551,0.470963328,-0.168743326,0.815010913
3.334770203,-10.920150557,8.584766214,24.165083620,0.288796416,0.471715396,-0.166621913,0.816283255
3.344772577,-10.993860701,8.490350838,24.165015234,0.285208070,0.472464012,-0.164477455,0.817545889
3.354774475,-11.013849543,8.464456038,24.164995574,0.284229784,0.472666303,-0.163894023,0.817886756
3.364776373,-11.099942634,8.351480014,24.164906358,0.279992780,0.473523654,-0.161389670,0.819348989
3.374777317,-11.106528246,8.342739733,24.164899256,0.279667885,0.473587800,-0.161200061,0.819460194
3.384778261,-11.106528246,8.342739733,24.164899256,0.279667885,0.473587800,-0.161200061,0.819460194
3.394785166,-11.217581539,8.193184543,24.164762607,0.274188135,0.474642170,-0.158056519,0.821312251
3.404789209,-11.269098016,8.122360707,24.164698463,0.271647151,0.475107021,-0.156646058,0.822157623
3.414790392,-11.326408013,8.042443450,24.164628995,0.268795502,0.475622523,-0.155067507,0.823095536
3.424791813,-11.383006230,7.962313655,24.164565559,0.265936089,0.476136879,-0.153473207,0.824025269
3.434792042,-11.383006230,7.962313655,24.164565559,0.265936089,0.476136879,-0.153473207,0.824025269
3.444792986,-11.383006230,7.962313655,24.164565559,0.265936089,0.476136879,-0.153473207,0.824025269
3.454793692,-11.506493599,7.783180993,24.164433467,0.259459894,0.477322998,-0.149722515,0.826091089
3.464796543,-11.518682701,7.765169477,24.164420105,0.258804069,0.477444200,-0.149333704,0.826297122
3.474796534,-11.555088621,7.711011640,24.164379710,0.256830898,0.477807374,-0.148160353,0.826913848
3.484797716,-11.555088621,7.711011640,24.164379710,0.256830898,0.477807374,-0.148160353,0.826913848
3.494797707,-11.657009790,7.556393649,24.164267895,0.251219151,0.478823834,-0.144819488,0.828639844
3.504798412,-11.657009790,7.556393649,24.164267895,0.251219151,0.478823834,-0.144819488,0.828639844
3.514800310,-11.757260710,7.399821052,24.164146162,0.245619329,0.479800128,-0.141532389,0.830320158
3.524800301,-11.803829934,7.325523549,24.164077813,0.243005577,0.480236310,-0.140033760,0.831090802
3.534800529,-11.803829934,7.325523549,24.164077813,0.243005577,0.480236310,-0.140033760,0.831090802
3.544802189,-11.889759841,7.185591878,24.163956801,0.238176763,0.481009655,-0.137341899,0.832489486
3.554805279,-11.895418850,7.176244261,24.163949039,0.237856610,0.481059767,-0.137165243,0.832581185
3.564805746,-11.901069645,7.166894793,24.163941315,0.237535983,0.481109505,-0.136988564,0.832673065
3.574806690,-11.901069645,7.166894793,24.163941315,0.237535983,0.481109505,-0.136988564,0.832673065
3.584807396,-12.061209528,6.894658291,24.163740798,0.228118043,0.482591715,-0.131632185,0.835308543
3.594808102,-12.066612070,6.885221930,24.163734154,0.227787352,0.482644130,-0.131437762,0.835399114
3.604811907,-12.066612070,6.885221930,24.163734154,0.227787352,0.482644130,-0.131437762,0.835399114
3.614815235,-12.157348420,6.724099481,24.163622394,0.222139388,0.483536600,-0.128089132,0.836922710
3.624816418,-12.225437005,6.599802448,24.163535843,0.217802487,0.484205306,-0.125516226,0.838065019
3.634818077,-12.230630491,6.590197367,24.163528989,0.217469207,0.484255813,-0.125319629,0.838151801
3.644819260,-12.235818030,6.580585893,24.163522102,0.217135798,0.484306046,-0.125123279,0.838238548
3.654820919,-12.317958306,6.425929530,24.163407932,0.211816100,0.485091850,-0.122017898,0.839601971
3.664824009,-12.348313870,6.367591551,24.163355701,0.209840867,0.485371700,-0.120891462,0.840099029
3.674825191,-12.348313870,6.367591551,24.163355701,0.209840867,0.485371700,-0.120891462,0.840099029
3.684826374,-12.427764341,6.211562667,24.163231508,0.204637005,0.486077826,-0.117996121,0.841385143
3.694828033,-12.427764341,6.211562667,24.163231508,0.204637005,0.486077826,-0.117996121,0.841385143
3.704828978,-12.427764341,6.211562667,24.163231508,0.204637005,0.486077826,-0.117996121,0.841385143
3.714828968,-12.523880763,6.015944212,24.163095777,0.198104458,0.486949252,-0.114314753,0.842951473
3.724829197,-12.542697686,5.976716878,24.163070228,0.196779024,0.487126876,-0.113546313,0.843263101
3.734829426,-12.589188062,5.878415543,24.163006548,0.193442844,0.487575862,-0.111584681,0.844037028
3.744830370,-12.598394059,5.858712190,24.162993791,0.192772973,0.487665304,-0.111188712,0.844190857
3.754831314,-12.639449339,5.769841780,24.162937107,0.189755133,0.488065101,-0.109402418,0.844876652
3.764833212,-12.670980646,5.700441304,24.162894583,0.187401890,0.488372940,-0.108006975,0.845403393
3.774834156,-12.670980646,5.700441304,24.162894583,0.187401890,0.488372940,-0.108006975,0.845403393
3.784846783,-12.697744015,5.640735278,24.162856562,0.185382465,0.488633343,-0.106811202,0.845849966
3.794849873,-12.759247935,5.500596859,24.162764603,0.180677934,0.489223137,-0.104050140,0.846870577
3.804852009,-12.810872329,5.379657407,24.162675358,0.176676244,0.489702943,-0.101748857,0.847716758
3.814851999,-12.815121449,5.369560022,24.162667945,0.176346496,0.489741049,-0.101563538,0.847785625
3.824853420,-12.865444224,5.248234405,24.162581021,0.172405414,0.490186715,-0.099368097,0.848598455
3.834855318,-12.865444224,5.248234405,24.162581021,0.172405414,0.490186715,-0.099368097,0.848598455
3.844855785,-12.894204158,5.177393312,24.162532876,0.170112427,0.490440464,-0.098094671,0.849062629
3.854855776,-12.938495591,5.066011006,24.162464788,0.166492075,0.490839428,-0.096057995,0.849782270
3.864856005,-12.942469491,5.055879514,24.162458915,0.166160556,0.490875626,-0.095869302,0.849847555
3.874856710,-12.981749202,4.954436439,24.162400446,0.162821479,0.491245616,-0.093933809,0.850495944
3.884856939,-13.004924617,4.893451750,24.162365746,0.160803307,0.491468450,-0.092747605,0.850881273
3.894859552,-13.065341440,4.730238162,24.162275588,0.155400306,0.492054068,-0.089554261,0.851888240
3.904860497,-13.098489377,4.637924026,24.162224997,0.152349942,0.492375627,-0.087748761,0.852441137
3.914860725,-13.098489377,4.637924026,24.162224997,0.152349942,0.492375627,-0.087748761,0.852441137
3.924862385,-13.098489377,4.637924026,24.162224997,0.152349942,0.492375627,-0.087748761,0.852441137
3.934863091,-13.159510984,4.462380673,24.162125486,0.146595772,0.492958664,-0.084375292,0.853453130
3.944864273,-13.166551304,4.441629757,24.162113508,0.145920759,0.493024772,-0.083983891,0.853569219
3.954866171,-13.166551304,4.441629757,24.162113508,0.145920759,0.493024772,-0.083983891,0.853569219
3.964866161,-13.225077100,4.264843949,24.162000318,0.140255738,0.493553497,-0.080782352,0.854521788
3.974866152,-13.225077100,4.264843949,24.162000318,0.140255738,0.493553497,-0.080782352,0.854521788
3.984867096,-13.225077100,4.264843949,24.162000318,0.140255738,0.493553497,-0.080782352,0.854521788
3.994868279,-13.268102213,4.129503746,24.161921692,0.135964207,0.493933218,-0.078397305,0.855217852
4.004868746,-13.271348020,4.119094252,24.161915923,0.135633571,0.493962156,-0.078212458,0.855270562
4.014870167,-13.271348020,4.119094252,24.161915923,0.135633571,0.493962156,-0.078212458,0.855270562
4.024870396,-13.322071071,3.952469517,24.161834082,0.130293564,0.494429493,-0.075163809,0.856103654
4.034872055,-13.325168554,3.942044776,24.161829114,0.129956463,0.494459002,-0.074967245,0.856155083
4.044872046,-13.352672979,3.848132005,24.161784759,0.126911245,0.494723690,-0.073179365,0.856613558
4.054873705,-13.428490865,3.575418840,24.161661780,0.118064864,0.495460681,-0.067951360,0.857882285
4.064875364,-13.445251988,3.512063410,24.161632859,0.116019800,0.495622473,-0.066747901,0.858162274
4.074876308,-13.445251988,3.512063410,24.161632859,0.116019800,0.495622473,-0.066747901,0.858162274
4.085151672,-13.491237940,3.331691917,24.161544431,0.110253055,0.496055827,-0.063405709,0.858925256
4.095152378,-13.491237940,3.331691917,24.161544431,0.110253055,0.496055827,-0.063405709,0.858925256
4.105153561,-13.491237940,3.331691917,24.161544431,0.110253055,0.496055827,-0.063405709,0.858925256
4.115154743,-13.534786394,3.150801674,24.161455153,0.104587636,0.496444189,-0.060242620,0.859636795
4.125155926,-13.561577656,3.033829726,24.161403236,0.100931815,0.496684032,-0.058202949,0.860075670
4.135156631,-13.561577656,3.033829726,24.161403236,0.100931815,0.496684032,-0.058202949,0.860075670
4.145157814,-13.561577656,3.033829726,24.161403236,0.100931815,0.496684032,-0.058202949,0.860075670
4.155157804,-13.561577656,3.033829726,24.161403236,0.100931815,0.496684032,-0.058202949,0.860075670
4.165158033,-13.600869852,2.853079606,24.161336732,0.095205142,0.497055667,-0.054903652,0.860730639
4.175159216,-13.624990342,2.735940112,24.161294953,0.091458909,0.497292456,-0.052696502,0.861137945
4.185160398,-13.633512871,2.693283414,24.161279962,0.090094353,0.497376496,-0.051890650,0.861282178
4.195161581,-13.648111604,2.618538924,24.161253907,0.087706673,0.497520217,-0.050482562,0.861529271
4.205163479,-13.662310406,2.543660646,24.161228008,0.085321319,0.497659295,-0.049081143,0.861769424
4.215163946,-13.691390225,2.382728975,24.161172967,0.080221792,0.497941111,-0.046109152,0.862260436
4.225166082,-13.709749830,2.275092506,24.161136825,0.076830664,0.498117128,-0.044150242,0.862570073
4.235167503,-13.718618220,2.221181557,24.161119022,0.075137049,0.498201804,-0.043176043,0.862719662
4.245168924,-13.735725632,2.113203525,24.161084161,0.071752426,0.498364907,-0.041234858,0.863008514
4.255169392,-13.735725632,2.113203525,24.161084161,0.071752426,0.498364907,-0.041234858,0.863008514
4.265171289,-13.735725632,2.113203525,24.161084161,0.071752426,0.498364907,-0.041234858,0.863008514
4.275172949,-13.770900654,1.880983315,24.160334166,0.066988819,0.498200193,-0.041841508,0.863457210
4.285268307,-13.777961422,1.832490788,24.160069025,0.069295451,0.497686879,-0.047754959,0.863264371
4.295271397,-13.777961422,1.832490788,24.160069025,0.069295451,0.497686879,-0.047754959,0.863264371
4.305272579,-13.777961422,1.832490788,24.160069025,0.069295451,0.497686879,-0.047754959,0.863264371
4.315274000,-13.777961422,1.832490788,24.160069025,0.069295451,0.497686879,-0.047754959,0.863264371
4.325274467,-13.780807476,1.810935134,24.160070361,0.074309308,0.496902843,-0.057159242,0.862727368
4.335275173,-13.773554125,1.860496676,24.160398684,0.074563238,0.497076811,-0.055605059,0.862706813
4.345277071,-13.773554125,1.860496676,24.160398684,0.074563238,0.497076811,-0.055605059,0.862706813
4.355277061,-13.760130229,1.949925671,24.160929324,0.071272686,0.497931265,-0.046380149,0.863037393
4.365279198,-13.760130229,1.949925671,24.160929324,0.071272686,0.497931265,-0.046380149,0.863037393
4.375280619,-13.759259436,1.955588516,24.160962914,0.071009435,0.497993298,-0.045698252,0.863059676
4.385282516,-13.746097935,2.039286527,24.161463261,0.066538078,0.498980430,-0.034561789,0.863363595
4.395283937,-13.742285272,2.063051948,24.161597671,0.064869940,0.499301980,-0.030701617,0.863450540
4.405285597,-13.742285272,2.063051948,24.161597671,0.064869940,0.499301980,-0.030701617,0.863450540
4.415286303,-13.742285272,2.063051948,24.161597671,0.064869940,0.499301980,-0.030701617,0.863450540
4.425286770,-13.743322487,2.057372105,24.161509738,0.064031628,0.499364665,-0.029532217,0.863517649
4.435286999,-13.746532017,2.037806676,24.161362977,0.064588393,0.499197232,-0.031327359,0.863509733
4.445287943,-13.747796058,2.030010526,24.161307740,0.064863514,0.499124568,-0.032131396,0.863501571
4.455289602,-13.751784631,2.005114836,24.161139893,0.065858621,0.498878883,-0.034890367,0.863461154
4.465291500,-13.751784631,2.005114836,24.161139893,0.065858621,0.498878883,-0.034890367,0.863461154
4.475293398,-13.752225491,2.002335776,24.161121896,0.065979096,0.498850328,-0.035213638,0.863455331
4.485300064,-13.755166732,1.983651225,24.161004715,0.066836598,0.498652495,-0.037463889,0.863408950
4.495300770,-13.758883394,1.959648128,24.160865450,0.068088436,0.498379746,-0.040597846,0.863326942
4.505302668,-13.758883394,1.959648128,24.160865450,0.068088436,0.498379746,-0.040597846,0.863326942
4.515303135,-13.761149002,1.944705414,24.160791088,0.069071873,0.498184785,-0.042884672,0.863250775
4.525304794,-13.761533757,1.942013804,24.160787679,0.069448258,0.498125372,-0.043629419,0.863217543
4.535304785,-13.760546474,1.948257737,24.160839078,0.069460428,0.498155735,-0.043383817,0.863211421
4.545305014,-13.758823129,1.959343280,24.160913302,0.069123374,0.498253549,-0.042346138,0.863233552
4.555306435,-13.758010337,1.964572096,24.160946781,0.068927401,0.498304249,-0.041794022,0.863246864
4.565307617,-13.755716567,1.979295079,24.161038302,0.068298244,0.498456459,-0.040107021,0.863289022
4.575308323,-13.755516898,1.980574062,24.161046086,0.068238638,0.498470278,-0.039951966,0.863292946
4.585310221,-13.755516898,1.980574062,24.161046086,0.068238638,0.498470278,-0.039951966,0.863292946
4.595312119,-13.752298971,2.001172868,24.161164650,0.067101490,0.498713576,-0.037152173,0.863366594
4.605312109,-13.752298971,2.001172868,24.161164650,0.067101490,0.498713576,-0.037152173,0.863366594
4.615312099,-13.752298971,2.001172868,24.161164650,0.067101490,0.498713576,-0.037152173,0.863366594
4.625313997,-13.752135670,2.002351360,24.161161298,0.066822906,0.498752571,-0.036632023,0.863387900
4.635314465,-13.752698216,1.998856180,24.161134607,0.066885696,0.498726792,-0.036888660,0.863387003
4.645314932,-13.753326280,1.994910629,24.161107213,0.067011759,0.498691227,-0.037271135,0.863381345
4.655315161,-13.753326280,1.994910629,24.161107213,0.067011759,0.498691227,-0.037271135,0.863381345
4.665316343,-13.753624674,1.993027123,24.161094611,0.067081090,0.498673174,-0.037469048,0.863377822
4.675317049,-13.755727772,1.979620550,24.161011084,0.067688375,0.498531174,-0.039067560,0.863341577
4.685318232,-13.755874661,1.978674349,24.161005648,0.067740138,0.498520122,-0.039195104,0.863338118
4.695324898,-13.755874661,1.978674349,24.161005648,0.067740138,0.498520122,-0.039195104,0.863338118
4.705326796,-13.755874661,1.978674349,24.161005648,0.067740138,0.498520122,-0.039195104,0.863338118
4.715328217,-13.756640897,1.973664963,24.160981834,0.068112107,0.498449628,-0.040035261,0.863311003
4.725329876,-13.756633051,1.973711196,24.160982418,0.068116331,0.498449361,-0.040040373,0.863310586
4.735330105,-13.756633051,1.973711196,24.160982418,0.068116331,0.498449361,-0.040040373,0.863310586
4.745330572,-13.756185668,1.976528074,24.161003590,0.068071376,0.498469362,-0.039844013,0.863311669
4.755331755,-13.756142592,1.976801903,24.161005441,0.068062608,0.498471834,-0.039817531,0.863312155
4.765332222,-13.755228707,1.982631407,24.161042635,0.067826936,0.498530519,-0.039170463,0.863326418
4.775334835,-13.755182615,1.982927799,24.161044449,0.067813292,0.498533510,-0.039135417,0.863327351
4.785335779,-13.755182615,1.982927799,24.161044449,0.067813292,0.498533510,-0.039135417,0.863327351
4.795336962,-13.754529452,1.987121575,24.161068513,0.067585794,0.498582492,-0.038572515,0.863342238
4.805337429,-13.754529452,1.987121575,24.161068513,0.067585794,0.498582492,-0.038572515,0.863342238
4.815338612,-13.754529452,1.987121575,24.161068513,0.067585794,0.498582492,-0.038572515,0.863342238
4.825338602,-13.754412040,1.987905533,24.161070746,0.067496796,0.498597169,-0.038389043,0.863348902
4.835338593,-13.754565242,1.986950510,24.161063248,0.067508883,0.498590740,-0.038450468,0.863348936
4.845339298,-13.754565242,1.986950510,24.161063248,0.067508883,0.498590740,-0.038450468,0.863348936
4.855340242,-13.754565242,1.986950510,24.161063248,0.067508883,0.498590740,-0.038450468,0.863348936
4.865344048,-13.754603871,1.986707055,24.161061531,0.067515893,0.498588635,-0.038472736,0.863348612
4.875345945,-13.754948398,1.984521742,24.161047061,0.067597849,0.498567478,-0.038704592,0.863344054
4.885345936,-13.755290347,1.982335090,24.161033715,0.067702989,0.498543552,-0.038975424,0.863337448
4.895346642,-13.755290347,1.982335090,24.161033715,0.067702989,0.498543552,-0.038975424,0.863337448
4.905347109,-13.755427446,1.981451153,24.161028797,0.067755842,0.498532640,-0.039102293,0.863333866
4.915349245,-13.755427446,1.981451153,24.161028797,0.067755842,0.498532640,-0.039102293,0.863333866
4.925351143,-13.755484837,1.981068140,24.161027588,0.067801010,0.498525215,-0.039194810,0.863330412
4.935352564,-13.755484837,1.981068140,24.161027588,0.067801010,0.498525215,-0.039194810,0.863330412
4.945352554,-13.755484837,1.981068140,24.161027588,0.067801010,0.498525215,-0.039194810,0.863330412
4.955354929,-13.755411405,1.981528568,24.161031096,0.067795594,0.498528230,-0.039166011,0.863330403
4.965354919,-13.755411405,1.981528568,24.161031096,0.067795594,0.498528230,-0.039166011,0.863330403
4.975356579,-13.755362625,1.981837637,24.161033199,0.067785462,0.498531067,-0.039135640,0.863330938
4.985357761,-13.755362625,1.981837637,24.161033199,0.067785462,0.498531067,-0.039135640,0.863330938
4.995359659,-13.755158967,1.983135837,24.161041426,0.067730311,0.498544467,-0.038986928,0.863334257
5.005362034,-13.754982245,1.984272841,24.161047821,0.067667305,0.498557904,-0.038832083,0.863338417
5.015362501,-13.754982245,1.984272841,24.161047821,0.067667305,0.498557904,-0.038832083,0.863338417
5.025362492,-13.754982245,1.984272841,24.161047821,0.067667305,0.498557904,-0.038832083,0.863338417
5.035362482,-13.754972442,1.984344508,24.161047588,0.067651920,0.498560100,-0.038803149,0.863339655
5.045364380,-13.754974811,1.984329872,24.161047460,0.067651940,0.498560020,-0.038803812,0.863339670
5.055364847,-13.754974811,1.984329872,24.161047460,0.067651940,0.498560020,-0.038803812,0.863339670
5.065366745,-13.755042030,1.983906774,24.161044386,0.067663405,0.498556443,-0.038841292,0.863339152
5.075368404,-13.755042030,1.983906774,24.161044386,0.067663405,0.498556443,-0.038841292,0.863339152
5.085369825,-13.755145513,1.983247980,24.161040142,0.067691816,0.498549619,-0.038917396,0.863337438
5.095371723,-13.755168344,1.983101853,24.161039255,0.067699325,0.498547961,-0.038936307,0.863336954
5.105373621,-13.755176478,1.983049695,24.161038945,0.067702157,0.498547351,-0.038943311,0.863336768
5.115373611,-13.755176478,1.983049695,24.161038945,0.067702157,0.498547351,-0.038943311,0.863336768
5.125375032,-13.755212728,1.982816154,24.161037633,0.067716851,0.498544379,-0.038978063,0.863335763
5.135376215,-13.755219819,1.982768996,24.161037468,0.067722633,0.498543442,-0.038989815,0.863335320
5.145376682,-13.755199526,1.982896294,24.161038413,0.067721667,0.498544218,-0.038982719,0.863335268
5.155377626,-13.755195046,1.982924733,24.161038601,0.067720807,0.498544469,-0.038980050,0.863335312
5.165379763,-13.755195046,1.982924733,24.161038601,0.067720807,0.498544469,-0.038980050,0.863335312
5.175381660,-13.755182732,1.983003063,24.161039105,0.067718126,0.498545197,-0.038972173,0.863335457
5.185381651,-13.755153188,1.983191725,24.161040267,0.067710439,0.498547096,-0.038951135,0.863335913
5.195381641,-13.755150527,1.983208764,24.161040369,0.067709676,0.498547276,-0.038949119,0.863335960
5.205382824,-13.755121892,1.983392657,24.161041423,0.067700682,0.498549305,-0.038926087,0.863336532
5.215384007,-13.755112671,1.983452189,24.161041740,0.067697368,0.498550010,-0.038917954,0.863336752
5.225384712,-13.755109547,1.983472431,24.161041843,0.067696164,0.498550259,-0.038915058,0.863336833
5.235384941,-13.755100192,1.983536325,24.161041914,0.067688933,0.498551449,-0.038900152,0.863337384
5.245385885,-13.755105101,1.983505807,24.161041659,0.067689512,0.498551220,-0.038902438,0.863337368
5.255385876,-13.755105101,1.983505807,24.161041659,0.067689512,0.498551220,-0.038902438,0.863337368
5.265388250,-13.755125795,1.983375338,24.161040715,0.067694182,0.498549980,-0.038915901,0.863337111
5.275389671,-13.755133603,1.983325806,24.161040379,0.067696377,0.498549459,-0.038921723,0.863336977
5.285391569,-13.755141908,1.983273006,24.161040029,0.067698939,0.498548877,-0.038928303,0.863336816
5.295392752,-13.755142986,1.983266139,24.161039984,0.067699292,0.498548799,-0.038929192,0.863336793
5.305394650,-13.755142986,1.983266139,24.161039984,0.067699292,0.498548799,-0.038929192,0.863336793
5.315394878,-13.755155941,1.983183470,24.161039452,0.067704287,0.498547770,-0.038941146,0.863336457
5.325396061,-13.755157307,1.983174693,24.161039396,0.067705283,0.498547604,-0.038943198,0.863336382
5.335396528,-13.755156258,1.983181357,24.161039433,0.067705700,0.498547588,-0.038943613,0.863336340
5.345396519,-13.755155971,1.983183187,24.161039444,0.067705689,0.498547599,-0.038943517,0.863336339
5.355396748,-13.755155971,1.983183187,24.161039444,0.067705689,0.498547599,-0.038943517,0.863336339
5.365396738,-13.755147614,1.983236797,24.161039745,0.067704131,0.498548062,-0.038938593,0.863336416
5.375396967,-13.755140746,1.983281079,24.161039980,0.067702273,0.498548513,-0.038933563,0.863336528
5.385397196,-13.755137263,1.983303639,24.161040092,0.067701200,0.498548757,-0.038930790,0.863336596
5.395397663,-13.755136723,1.983307147,24.161040109,0.067701025,0.498548796,-0.038930345,0.863336607
5.405399323,-13.755134708,1.983320256,24.161040169,0.067700347,0.498548945,-0.038928641,0.863336651
5.415400982,-13.755134708,1.983320256,24.161040169,0.067700347,0.498548945,-0.038928641,0.863336651
5.425402164,-13.755134708,1.983320256,24.161040169,0.067700347,0.498548945,-0.038928641,0.863336651
5.435984135,-13.755129910,1.983353310,24.161040172,0.067697590,0.498549441,-0.038922584,0.863336854
5.445984602,-13.755131660,1.983342658,24.161040061,0.067697839,0.498549354,-0.038923461,0.863336845
5.455986023,-13.755131660,1.983342658,24.161040061,0.067697839,0.498549354,-0.038923461,0.863336845
5.465986252,-13.755131660,1.983342658,24.161040061,0.067697839,0.498549354,-0.038923461,0.863336845
5.475987196,-13.755132765,1.983335849,24.161039998,0.067698060,0.498549292,-0.038924125,0.863336834
5.485987425,-13.755140198,1.983289578,24.161039605,0.067700080,0.498548806,-0.038929512,0.863336713
5.495987654,-13.755140198,1.983289578,24.161039605,0.067700080,0.498548806,-0.038929512,0.863336713
5.505989313,-13.755140198,1.983289578,24.161039605,0.067700080,0.498548806,-0.038929512,0.863336713
5.515990019,-13.755143353,1.983270141,24.161039417,0.067701322,0.498548553,-0.038932438,0.863336630
5.525990963,-13.755143450,1.983269620,24.161039405,0.067701406,0.498548540,-0.038932601,0.863336623
5.535992622,-13.755143467,1.983269572,24.161039398,0.067701447,0.498548535,-0.038932673,0.863336620
5.545994282,-13.755143467,1.983269572,24.161039398,0.067701447,0.498548535,-0.038932673,0.863336620
5.555994272,-13.755143427,1.983269928,24.161039391,0.067701489,0.498548531,-0.038932727,0.863336616
5.565997362,-13.755141053,1.983285951,24.161039410,0.067701070,0.498548662,-0.038931334,0.863336637
5.575997591,-13.755141053,1.983285951,24.161039410,0.067701070,0.498548662,-0.038931334,0.863336637
5.585997581,-13.755140484,1.983289750,24.161039418,0.067700914,0.498548699,-0.038930909,0.863336646
5.595999002,-13.755139781,1.983294454,24.161039428,0.067700708,0.498548748,-0.038930360,0.863336659
5.606000185,-13.755137943,1.983306941,24.161039440,0.067700075,0.498548886,-0.038928759,0.863336701
5.616000652,-13.755137577,1.983309522,24.161039434,0.067699917,0.498548918,-0.038928383,0.863336712
5.626001358,-13.755137518,1.983309948,24.161039433,0.067699889,0.498548923,-0.038928317,0.863336714
5.636001587,-13.755137249,1.983312506,24.161039375,0.067699613,0.498548967,-0.038927744,0.863336737
5.646001816,-13.755137409,1.983311727,24.161039349,0.067699606,0.498548963,-0.038927765,0.863336738
5.656002998,-13.755137452,1.983311502,24.161039343,0.067699608,0.498548962,-0.038927778,0.863336739
5.666004181,-13.755137712,1.983310083,24.161039313,0.067699636,0.498548950,-0.038927887,0.863336738
5.676004648,-13.755139024,1.983302519,24.161039194,0.067699910,0.498548876,-0.038928673,0.863336724
5.686004877,-13.755139024,1.983302519,24.161039194,0.067699910,0.498548876,-0.038928673,0.863336724
5.696005583,-13.755140160,1.983295929,24.161039094,0.067700227,0.498548801,-0.038929489,0.863336705
5.706006050,-13.755140218,1.983295599,24.161039088,0.067700245,0.498548797,-0.038929534,0.863336704
5.716007471,-13.755140274,1.983295281,24.161039083,0.067700262,0.498548793,-0.038929578,0.863336703
5.726009369,-13.755140274,1.983295281,24.161039083,0.067700262,0.498548793,-0.038929578,0.863336703
5.736011505,-13.755140896,1.983292011,24.161038999,0.067700489,0.498548747,-0.038930099,0.863336689
5.746012926,-13.755140885,1.983292624,24.161038953,0.067700522,0.498548744,-0.038930129,0.863336686
5.756014585,-13.755140871,1.983292753,24.161038951,0.067700520,0.498548745,-0.038930120,0.863336686
5.766015530,-13.755140498,1.983295764,24.161038912,0.067700424,0.498548770,-0.038929829,0.863336693
5.776016951,-13.755140355,1.983296879,24.161038901,0.067700378,0.498548781,-0.038929704,0.863336696
5.786016941,-13.755140327,1.983297102,24.161038899,0.067700368,0.498548783,-0.038929679,0.863336696
5.796019077,-13.755140327,1.983297102,24.161038899,0.067700368,0.498548783,-0.038929679,0.863336696
5.806019783,-13.755139918,1.983300410,24.161038857,0.067700208,0.498548817,-0.038929266,0.863336708
5.816020012,-13.755139792,1.983301674,24.161038824,0.067700129,0.498548832,-0.038929081,0.863336714
5.826020718,-13.755139788,1.983301746,24.161038821,0.067700124,0.498548833,-0.038929069,0.863336714
5.836021900,-13.755139780,1.983301918,24.161038811,0.067700110,0.498548835,-0.038929037,0.863336716
5.846023083,-13.755139873,1.983301907,24.161038759,0.067700080,0.498548836,-0.038928989,0.863336719
5.856024027,-13.755139873,1.983301907,24.161038759,0.067700080,0.498548836,-0.038928989,0.863336719
5.866025686,-13.755139873,1.983301907,24.161038759,0.067700080,0.498548836,-0.038928989,0.863336719
5.876026154,-13.755139887,1.983301860,24.161038755,0.067700081,0.498548836,-0.038928991,0.863336719
5.886028051,-13.755139932,1.983301692,24.161038743,0.067700083,0.498548834,-0.038929002,0.863336719
5.896028042,-13.755140634,1.983298530,24.161038606,0.067700208,0.498548799,-0.038929349,0.863336715
5.906029940,-13.755140763,1.983297973,24.161038578,0.067700238,0.498548791,-0.038929424,0.863336713
5.916030645,-13.755140796,1.983297840,24.161038570,0.067700246,0.498548790,-0.038929443,0.863336713
5.926030636,-13.755140796,1.983297840,24.161038570,0.067700246,0.498548790,-0.038929443,0.863336713
5.936033010,-13.755140999,1.983297268,24.161038502,0.067700293,0.498548779,-0.038929547,0.863336711
5.946036339,-13.755141031,1.983297406,24.161038472,0.067700296,0.498548778,-0.038929546,0.863336711
5.956037283,-13.755141031,1.983297406,24.161038472,0.067700296,0.498548778,-0.038929546,0.863336711
5.966038227,-13.755141032,1.983297435,24.161038469,0.067700295,0.498548778,-0.038929544,0.863336711
5.976038933,-13.755141009,1.983298338,24.161038407,0.067700266,0.498548784,-0.038929457,0.863336714
5.986039639,-13.755140991,1.983298755,24.161038382,0.067700248,0.498548787,-0.038929409,0.863336716
5.996040344,-13.755140991,1.983298755,24.161038382,0.067700248,0.498548787,-0.038929409,0.863336716
6.006043434,-13.755140991,1.983298755,24.161038382,0.067700248,0.498548787,-0.038929409,0.863336716
6.016044378,-13.755140985,1.983299475,24.161038326,0.067700211,0.498548793,-0.038929316,0.863336719
6.026045799,-13.755140985,1.983299475,24.161038326,0.067700211,0.498548793,-0.038929316,0.863336719
6.037264824,-13.755141064,1.983299685,24.161038263,0.067700193,0.498548794,-0.038929276,0.863336722
6.047266483,-13.755141100,1.983299648,24.161038246,0.067700192,0.498548793,-0.038929277,0.863336722
6.057267904,-13.755141115,1.983299624,24.161038240,0.067700193,0.498548793,-0.038929279,0.863336722
6.067269087,-13.755141115,1.983299624,24.161038240,0.067700193,0.498548793,-0.038929279,0.863336722
6.077269077,-13.755141285,1.983299239,24.161038174,0.067700206,0.498548787,-0.038929318,0.863336723
6.087269068,-13.755141285,1.983299239,24.161038174,0.067700206,0.498548787,-0.038929318,0.863336723
6.097270966,-13.755141434,1.983298873,24.161038120,0.067700223,0.498548781,-0.038929363,0.863336723
6.107272148,-13.755141434,1.983298873,24.161038120,0.067700223,0.498548781,-0.038929363,0.863336723
6.117273331,-13.755141434,1.983298873,24.161038120,0.067700223,0.498548781,-0.038929363,0.863336723
6.127274036,-13.755141604,1.983298616,24.161038044,0.067700241,0.498548775,-0.038929405,0.863336723
6.137274742,-13.755141604,1.983298616,24.161038044,0.067700241,0.498548775,-0.038929405,0.863336723
6.147275209,-13.755141610,1.983298614,24.161038041,0.067700241,0.498548775,-0.038929405,0.863336723
6.157275677,-13.755141696,1.983298703,24.161037984,0.067700242,0.498548773,-0.038929403,0.863336724
6.167275906,-13.755141715,1.983298757,24.161037969,0.067700241,0.498548773,-0.038929398,0.863336725
6.177279711,-13.755141747,1.983298870,24.161037941,0.067700237,0.498548773,-0.038929387,0.863336725
6.187281370,-13.755141772,1.983298960,24.161037920,0.067700233,0.498548773,-0.038929377,0.863336726
6.197282314,-13.755141786,1.983299010,24.161037907,0.067700231,0.498548774,-0.038929372,0.863336726
6.207283258,-13.755141816,1.983299098,24.161037883,0.067700227,0.498548774,-0.038929361,0.863336727
6.217284441,-13.755141816,1.983299098,24.161037883,0.067700227,0.498548774,-0.038929361,0.863336727
6.227284908,-13.755141886,1.983299209,24.161037834,0.067700221,0.498548773,-0.038929347,0.863336729
6.237285137,-13.755141886,1.983299209,24.161037834,0.067700221,0.498548773,-0.038929347,0.863336729
6.247285604,-13.755141886,1.983299209,24.161037834,0.067700221,0.498548773,-0.038929347,0.863336729
6.257286310,-13.755141976,1.983299220,24.161037781,0.067700219,0.498548772,-0.038929343,0.863336730
6.267286777,-13.755142065,1.983299165,24.161037735,0.067700221,0.498548769,-0.038929350,0.863336731
6.277287483,-13.755142071,1.983299160,24.161037732,0.067700221,0.498548769,-0.038929350,0.863336731
6.287287951,-13.755142071,1.983299160,24.161037732,0.067700221,0.498548769,-0.038929350,0.863336731
6.297288418,-13.755142102,1.983299135,24.161037717,0.067700222,0.498548768,-0.038929353,0.863336731
6.307288885,-13.755142163,1.983299086,24.161037686,0.067700225,0.498548767,-0.038929360,0.863336731
6.317290068,-13.755142181,1.983299072,24.161037677,0.067700226,0.498548766,-0.038929362,0.863336731
6.327290058,-13.755142250,1.983299032,24.161037640,0.067700229,0.498548764,-0.038929369,0.863336732
6.337290525,-13.755142278,1.983299022,24.161037625,0.067700230,0.498548764,-0.038929371,0.863336732
6.347290754,-13.755142346,1.983299020,24.161037587,0.067700231,0.498548762,-0.038929373,0.863336733
6.357293367,-13.755142346,1.983299020,24.161037587,0.067700231,0.498548762,-0.038929373,0.863336733
6.367295265,-13.755142366,1.983299025,24.161037575,0.067700231,0.498548762,-0.038929373,0.863336733
6.377295494,-13.755142385,1.983299033,24.161037563,0.067700231,0.498548761,-0.038929373,0.863336733
6.387295485,-13.755142433,1.983299061,24.161037534,0.067700231,0.498548760,-0.038929371,0.863336734
6.397296667,-13.755142510,1.983299121,24.161037484,0.067700229,0.498548759,-0.038929366,0.863336735
6.407298565,-13.755142524,1.983299132,24.161037476,0.067700229,0.498548759,-0.038929365,0.863336735
6.417299032,-13.755142570,1.983299164,24.161037447,0.067700227,0.498548758,-0.038929362,0.863336736
6.427299500,-13.755142570,1.983299164,24.161037447,0.067700227,0.498548758,-0.038929362,0.863336736
6.437300444,-13.755142570,1.983299164,24.161037447,0.067700227,0.498548758,-0.038929362,0.863336736
6.447301388,-13.755142603,1.983299181,24.161037427,0.067700227,0.498548758,-0.038929360,0.863336736
6.457302570,-13.755142617,1.983299188,24.161037418,0.067700227,0.498548757,-0.038929360,0.863336737
6.467304707,-13.755142794,1.983299205,24.161037315,0.067700226,0.498548754,-0.038929359,0.863336739
6.477306128,-13.755142794,1.983299205,24.161037315,0.067700226,0.498548754,-0.038929359,0.863336739
6.487307549,-13.755142794,1.983299205,24.161037315,0.067700226,0.498548754,-0.038929359,0.863336739
6.497309446,-13.755142794,1.983299205,24.161037315,0.067700226,0.498548754,-0.038929359,0.863336739
6.507311106,-13.755142875,1.983299196,24.161037270,0.067700227,0.498548752,-0.038929362,0.863336739
6.517313242,-13.755142963,1.983299191,24.161037220,0.067700228,0.498548750,-0.038929364,0.863336740
6.527315378,-13.755142963,1.983299191,24.161037220,0.067700228,0.498548750,-0.038929364,0.863336740
6.537316084,-13.755142973,1.983299191,24.161037214,0.067700228,0.498548750,-0.038929364,0.863336741
6.547317505,-13.755143040,1.983299198,24.161037176,0.067700229,0.498548749,-0.038929365,0.863336741
6.557319403,-13.755143040,1.983299198,24.161037176,0.067700229,0.498548749,-0.038929365,0.863336741
6.567319870,-13.755143137,1.983299222,24.161037118,0.067700229,0.498548747,-0.038929364,0.863336742
6.577322006,-13.755143137,1.983299222,24.161037118,0.067700229,0.498548747,-0.038929364,0.863336742
6.587323427,-13.755143164,1.983299230,24.161037102,0.067700229,0.498548746,-0.038929363,0.863336743
6.597326756,-13.755143214,1.983299245,24.161037072,0.067700228,0.498548745,-0.038929362,0.863336743
6.607327938,-13.755143218,1.983299247,24.161037070,0.067700228,0.498548745,-0.038929362,0.863336743
6.617329836,-13.755143295,1.983299267,24.161037024,0.067700228,0.498548744,-0.038929361,0.863336744
6.627331734,-13.755143318,1.983299272,24.161037011,0.067700228,0.498548743,-0.038929361,0.863336745
6.637332439,-13.755143331,1.983299275,24.161037003,0.067700228,0.498548743,-0.038929361,0.863336745
6.647334337,-13.755143381,1.983299283,24.161036974,0.067700228,0.498548742,-0.038929361,0.863336745
6.657335997,-13.755143381,1.983299283,24.161036974,0.067700228,0.498548742,-0.038929361,0.863336745
6.667338610,-13.755143463,1.983299292,24.161036926,0.067700228,0.498548740,-0.038929361,0.863336746
6.677338600,-13.755143504,1.983299296,24.161036903,0.067700228,0.498548739,-0.038929361,0.863336747
6.687339783,-13.755143508,1.983299296,24.161036900,0.067700228,0.498548739,-0.038929361,0.863336747
6.697340965,-13.755143508,1.983299296,24.161036900,0.067700228,0.498548739,-0.038929361,0.863336747
6.707341433,-13.755143508,1.983299296,24.161036900,0.067700228,0.498548739,-0.038929361,0.863336747
6.717343092,-13.755143642,1.983299310,24.161036822,0.067700229,0.498548737,-0.038929362,0.863336748
6.727343798,-13.755143660,1.983299313,24.161036812,0.067700229,0.498548736,-0.038929362,0.863336749
6.737343788,-13.755143660,1.983299313,24.161036812,0.067700229,0.498548736,-0.038929362,0.863336749
6.747344017,-13.755143734,1.983299325,24.161036769,0.067700229,0.498548735,-0.038929362,0.863336749
6.757345200,-13.755143738,1.983299325,24.161036766,0.067700229,0.498548735,-0.038929362,0.863336749
6.767345428,-13.755143738,1.983299325,24.161036766,0.067700229,0.498548735,-0.038929362,0.863336749
6.777346134,-13.755143816,1.983299340,24.161036721,0.067700229,0.498548733,-0.038929361,0.863336750
6.787347078,-13.755143820,1.983299341,24.161036718,0.067700229,0.498548733,-0.038929361,0.863336750
6.797348499,-13.755143820,1.983299341,24.161036718,0.067700229,0.498548733,-0.038929361,0.863336750
6.807608366,-13.755143918,1.983299360,24.161036661,0.067700229,0.498548731,-0.038929361,0.863336752
6.817609310,-13.755143918,1.983299360,24.161036661,0.067700229,0.498548731,-0.038929361,0.863336752
6.827610493,-13.755143922,1.983299360,24.161036658,0.067700229,0.498548731,-0.038929361,0.863336752
6.837610960,-13.755143952,1.983299366,24.161036641,0.067700229,0.498548730,-0.038929361,0.863336752
6.847612381,-13.755143960,1.983299367,24.161036636,0.067700229,0.498548730,-0.038929361,0.863336752
6.857613564,-13.755143994,1.983299373,24.161036616,0.067700229,0.498548730,-0.038929360,0.863336752
6.867613792,-13.755144069,1.983299384,24.161036572,0.067700229,0.498548728,-0.038929360,0.863336753
6.877614737,-13.755144111,1.983299390,24.161036548,0.067700229,0.498548727,-0.038929360,0.863336754
6.887615681,-13.755144111,1.983299390,24.161036548,0.067700229,0.498548727,-0.038929360,0.863336754
6.897618055,-13.755144124,1.983299392,24.161036540,0.067700229,0.498548727,-0.038929360,0.863336754
6.907618761,-13.755144194,1.983299402,24.161036500,0.067700229,0.498548725,-0.038929360,0.863336755
6.917622566,-13.755144194,1.983299402,24.161036500,0.067700229,0.498548725,-0.038929360,0.863336755
6.927623034,-13.755144235,1.983299408,24.161036476,0.067700229,0.498548725,-0.038929360,0.863336755
6.937624216,-13.755144235,1.983299408,24.161036476,0.067700229,0.498548725,-0.038929360,0.863336755
6.947626114,-13.755144235,1.983299408,24.161036476,0.067700229,0.498548725,-0.038929360,0.863336755
6.957626343,-13.755144239,1.983299408,24.161036473,0.067700229,0.498548725,-0.038929360,0.863336755
6.967626333,-13.753397882,1.999674686,24.160720787,0.070171652,0.498178799,-0.042813449,0.863169063
6.977627993,-13.752130886,2.008720717,24.160696857,0.071105797,0.498063927,-0.044123126,0.863092950
6.987628460,-13.747479506,2.040341686,24.160698076,0.073294405,0.497833916,-0.046770874,0.862903128
6.997629642,-13.747479506,2.040341686,24.160698076,0.073294405,0.497833916,-0.046770874,0.862903128
7.007630825,-13.734629873,2.125683814,24.160651666,0.076825916,0.497550760,-0.049785891,0.862590508
7.017632246,-13.729401387,2.158794023,24.160685089,0.077919200,0.497489210,-0.050458464,0.862488857
7.027634859,-13.725976445,2.180106549,24.160715168,0.078535427,0.497464246,-0.050737548,0.862430989
7.037635565,-13.709141497,2.281744760,24.160876187,0.080740674,0.497464787,-0.050796319,0.862223557
7.047636747,-13.709141497,2.281744760,24.160876187,0.080740674,0.497464787,-0.050796319,0.862223557
7.057637215,-13.709141497,2.281744760,24.160876187,0.080740674,0.497464787,-0.050796319,0.862223557
7.067638159,-13.687977424,2.404132492,24.160995995,0.083232214,0.497489221,-0.050603608,0.861983845
7.077638149,-13.687977424,2.404132492,24.160995995,0.083232214,0.497489221,-0.050603608,0.861983845
7.087638378,-13.655810839,2.578298790,24.161227566,0.086877603,0.497516506,-0.050513175,0.861613619
7.097638607,-13.643573016,2.642031390,24.161254427,0.088398095,0.497489395,-0.050815282,0.861456839
7.107639074,-13.629280481,2.714417953,24.161296249,0.090387430,0.497410994,-0.051614520,0.861248139
7.117639303,-13.629280481,2.714417953,24.161296249,0.090387430,0.497410994,-0.051614520,0.861248139
7.127640009,-13.627475834,2.723417639,24.161301454,0.090648827,0.497398436,-0.051738608,0.861220472
7.137641191,-13.594499735,2.882939963,24.161371549,0.095557698,0.497115723,-0.054413138,0.860688036
7.147642374,-13.592649650,2.891705903,24.161366817,0.095843503,0.497093922,-0.054594071,0.860657390
7.157644272,-13.592649650,2.891705903,24.161366817,0.095843503,0.497093922,-0.054594071,0.860657390
7.167646170,-13.551896545,3.077016408,24.161371407,0.102359211,0.496576396,-0.059095274,0.859908264
7.177648067,-13.545754172,3.103900199,24.161377370,0.103312857,0.496496828,-0.059761240,0.859794131
7.187649012,-13.545754172,3.103900199,24.161377370,0.103312857,0.496496828,-0.059761240,0.859794131
7.197649002,-13.535318452,3.148999115,24.161390067,0.104888428,0.496367225,-0.060834652,0.859602897
7.207651377,-13.485653096,3.355077829,24.161423682,0.112011672,0.495765774,-0.065590380,0.858701103
7.217652798,-13.483228720,3.364772984,24.161428497,0.112334898,0.495739305,-0.065793081,0.858658653
7.227653265,-13.483228720,3.364772984,24.161428497,0.112334898,0.495739305,-0.065793081,0.858658653
7.237654686,-13.442593824,3.523024148,24.161513630,0.117366827,0.495354999,-0.068672198,0.857981691
7.247656107,-13.409848077,3.645165529,24.161591610,0.121120723,0.495080052,-0.070661639,0.857456964
7.257657766,-13.409848077,3.645165529,24.161591610,0.121120723,0.495080052,-0.070661639,0.857456964
7.267659187,-13.409848077,3.645165529,24.161591610,0.121120723,0.495080052,-0.070661639,0.857456964
7.277660608,-13.360637958,3.820732963,24.161730122,0.126353194,0.494713175,-0.073230505,0.856697752
7.287660837,-13.336619803,3.903400389,24.161786948,0.128797234,0.494540883,-0.074401056,0.856332336
7.297660828,-13.336619803,3.903400389,24.161786948,0.128797234,0.494540883,-0.074401056,0.856332336
7.307661772,-13.333583435,3.913711341,24.161793988,0.129104712,0.494519743,-0.074548859,0.856285387
7.317663670,-13.284156737,4.077670952,24.161906301,0.134066569,0.494141619,-0.077052455,0.855519220
7.327664614,-13.246222422,4.198903836,24.161969647,0.137856237,0.493821272,-0.079100641,0.854914790
7.337666512,-13.239825106,4.218977173,24.161977721,0.138501381,0.493764649,-0.079465121,0.854809414
7.347666740,-13.239825106,4.218977173,24.161977721,0.138501381,0.493764649,-0.079465121,0.854809414
7.357667685,-13.177677501,4.408808908,24.162058124,0.144806863,0.493141156,-0.083284201,0.853760221
7.367668867,-13.170977682,4.428734388,24.162066994,0.145478707,0.493071366,-0.083700762,0.853645568
7.377670527,-13.119619474,4.578313826,24.162126849,0.150536234,0.492533325,-0.086842306,0.852765021
7.387670755,-13.116117134,4.588314315,24.162131184,0.150875240,0.492496505,-0.087053282,0.852704861
7.397671938,-13.116117134,4.588314315,24.162131184,0.150875240,0.492496505,-0.087053282,0.852704861
7.407675505,-13.094875608,4.648439853,24.162159448,0.152914052,0.492273250,-0.088321224,0.852340132
7.417679548,-13.094875608,4.648439853,24.162159448,0.152914052,0.492273250,-0.088321224,0.852340132
7.427680731,-13.054914050,4.759212013,24.162220202,0.156613688,0.491869981,-0.090557680,0.851666238
7.437681437,-13.032561895,4.819893247,24.162257758,0.158614988,0.491655228,-0.091732362,0.851294072
7.447681427,-12.931634168,5.083590573,24.162447141,0.167109908,0.490757706,-0.096466298,0.849661936
7.457682371,-12.903491897,5.154363783,24.162499474,0.169370491,0.490517760,-0.097692510,0.849212657
7.467683792,-12.862675938,5.255106291,24.162563148,0.172612977,0.490162861,-0.099473484,0.848557692
7.477685452,-12.858552776,5.265158113,24.162569681,0.172939487,0.490126066,-0.099655991,0.848491047
7.487686872,-12.854422048,5.275205104,24.162576210,0.173266448,0.490089281,-0.099838925,0.848424082
7.497687578,-12.800043817,5.405439406,24.162661136,0.177547828,0.489591575,-0.102276978,0.847535414
7.507687569,-12.783062452,5.445362267,24.162687198,0.178871295,0.489433042,-0.103040348,0.847256186
7.517688274,-12.713932692,5.604457612,24.162783847,0.184192268,0.488775518,-0.106145916,0.846111545
7.527692080,-12.713932692,5.604457612,24.162783847,0.184192268,0.488775518,-0.106145916,0.846111545
7.537695169,-12.713932692,5.604457612,24.162783847,0.184192268,0.488775518,-0.106145916,0.846111545
7.550378323,-12.610831894,5.832144894,24.162931274,0.191885442,0.487778304,-0.110681184,0.844394445
7.560380459,-12.610831894,5.832144894,24.162931274,0.191885442,0.487778304,-0.110681184,0.844394445
7.570381165,-12.610831894,5.832144894,24.162931274,0.191885442,0.487778304,-0.110681184,0.844394445
7.580382347,-12.578565825,5.901200089,24.162985188,0.194204192,0.487474033,-0.112023732,0.843862834
7.590382338,-12.573927211,5.911048753,24.162992523,0.194532865,0.487431103,-0.112211535,0.843786973
7.600382328,-12.531840525,5.999500076,24.163058494,0.197480263,0.487047497,-0.113881054,0.843099868
7.610383987,-12.527128182,6.009305693,24.163065788,0.197806442,0.487004647,-0.114065091,0.843023274
7.620384932,-12.450792914,6.165477162,24.163179792,0.203015037,0.486314574,-0.116998049,0.841780545
7.631312370,-12.347770608,6.368798449,24.163313783,0.209943317,0.485337175,-0.121023433,0.840074377
7.641313314,-12.312650972,6.436260280,24.163360865,0.212267047,0.484996932,-0.122391241,0.839488571
7.651313782,-12.312650972,6.436260280,24.163360865,0.212267047,0.484996932,-0.122391241,0.839488571
7.661313772,-12.312650972,6.436260280,24.163360865,0.212267047,0.484996932,-0.122391241,0.839488571
7.671314001,-12.307601562,6.445885863,24.163367659,0.212598751,0.484948112,-0.122586203,0.839404385
7.681314707,-12.183824345,6.676327015,24.163529273,0.220573360,0.483748919,-0.127274549,0.837338381
7.691314936,-12.152084330,6.733776928,24.163572633,0.222561844,0.483444683,-0.128433961,0.836810721
7.701314926,-12.146763690,6.743344925,24.163579964,0.222892747,0.483393862,-0.128626305,0.836722458
7.711314917,-12.146763690,6.743344925,24.163579964,0.222892747,0.483393862,-0.128626305,0.836722458
7.721316099,-12.055082928,6.905445765,24.163717766,0.228458186,0.482545798,-0.131795029,0.835216428
7.731317997,-12.049625521,6.914937626,24.163725896,0.228781698,0.482496743,-0.131975436,0.835127722
7.741321087,-11.972603966,7.047099172,24.163835617,0.233278256,0.481814088,-0.134460586,0.833880562
7.751322985,-11.972603966,7.047099172,24.163835617,0.233278256,0.481814088,-0.134460586,0.833880562
7.761323929,-11.972603966,7.047099172,24.163835617,0.233278256,0.481814088,-0.134460586,0.833880562
7.771325111,-11.877547283,7.205784532,24.163952108,0.238774528,0.480942021,-0.137570466,0.832319569
7.781326294,-11.820751808,7.298371440,24.164018056,0.242055165,0.480391691,-0.139493652,0.831369137
7.791327477,-11.809306164,7.316833687,24.164031314,0.242714559,0.480279334,-0.139883659,0.831176255
7.801329136,-11.716663540,7.463964235,24.164135713,0.247990115,0.479361736,-0.143015393,0.829614263
7.811329842,-11.710806131,7.473130579,24.164142162,0.248319779,0.479303925,-0.143210728,0.829515354
7.821330547,-11.710806131,7.473130579,24.164142162,0.248319779,0.479303925,-0.143210728,0.829515354
7.831331491,-11.633849209,7.592110663,24.164230269,0.252614516,0.478538872,-0.145763121,0.828214686
7.841332674,-11.530967726,7.747105177,24.164356501,0.258200946,0.477533274,-0.149041098,0.826487142
7.851334572,-11.524840003,7.756189085,24.164366202,0.258525629,0.477475631,-0.149227130,0.826385373
7.861335993,-11.524840003,7.756189085,24.164366202,0.258525629,0.477475631,-0.149227130,0.826385373
7.871336699,-11.524840003,7.756189085,24.164366202,0.258525629,0.477475631,-0.149227130,0.826385373
7.881339788,-11.394683444,7.945679862,24.164537864,0.265227790,0.476301689,-0.152952176,0.824255150
7.891340494,-11.394683444,7.945679862,24.164537864,0.265227790,0.476301689,-0.152952176,0.824255150
7.901341915,-11.357038706,7.999266726,24.164583571,0.267126077,0.475965744,-0.153998729,0.823641100
7.911343098,-11.249296573,8.149769894,24.164697264,0.272569338,0.474958562,-0.157093979,0.821852664
7.921346664,-11.204404536,8.211250005,24.164743426,0.274840446,0.474518143,-0.158426409,0.821094595
7.931346893,-11.152691543,8.281205033,24.164796364,0.277443613,0.474004081,-0.159965659,0.820217143
7.941348314,-11.146195540,8.289928284,24.164803016,0.277769206,0.473939117,-0.160158753,0.820106795
7.951349020,-11.146195540,8.289928284,24.164803016,0.277769206,0.473939117,-0.160158753,0.820106795
7.961349010,-11.047842280,8.420299519,24.164898645,0.282657605,0.472952139,-0.163062072,0.818432473
8.565876484,-10.947622554,8.549923074,24.165000981,0.287543121,0.471949479,-0.165954002,0.816726338
